asin,title,price,image_url,product_url
"B0FH6R7LBY","MILTON Candy Tiffin (Looney Tunes) Lunch Box for Kids Boys &amp; Girls with Leak-Proof Inner Container| Food Grade,BPA Free,Compact &amp; Durable Snacks Box for Kids I Plastic Spoon &amp; Fork, 520 ml, Purple","₹ 199","https://m.media-amazon.com/images/I/71BxLQDHBUL._SL1500_.jpg","https://www.amazon.in/dp/B0FH6R7LBY"
"B0DRXRNJ4L","Allo FoodSafe Compartment Glass Lunch Box with Break Free Detachable Lock, 450°C Oven &amp; Microwave Safe, Borosilicate Glass Container with Partition Divider, Office Tiffin with Red Chevron Bag, 580ml","₹ 721","https://m.media-amazon.com/images/I/81aTft87P-L._SL1500_.jpg","https://www.amazon.in/dp/B0DRXRNJ4L"
"B0FWRLQND8","Amazon Basics 3-Way Foldable Cloth Drying Stand – Lightweight Mild Steel Collapsible Rack with 20 Rails &amp; 42 Ft Drying Length (Silver)","₹ 1,249","https://m.media-amazon.com/images/I/71vkps3XMVL._SL1500_.jpg","https://www.amazon.in/dp/B0FWRLQND8"
"B0H39LXK3M","Digital Kitchen Weighing Scale 10Kg Electronic Weight Machine with LCD Display | Food Measuring Scale for Baking Cooking Dieting Grocery Kitchen Use","₹ 369","https://m.media-amazon.com/images/I/61gr+NZVuqL._SL1500_.jpg","https://www.amazon.in/dp/B0H39LXK3M"
"B0GYN9V6S7","Manual Vegetable Chopper 900ML | Heavy Duty Hand Press Food Processor | 3 Stainless Steel Blades | Onion, Tomato, Garlic Cutter | Multipurpose Kitchen Chopper &amp; Salad Maker","₹ 199","https://m.media-amazon.com/images/I/615S+40UhcL._SL1312_.jpg","https://www.amazon.in/dp/B0GYN9V6S7"
"B0CP2FPPM5","Ant Esports AEKS100 Kitchen Weighing Machine/Food Scale for Health, Fitness, Shop,Home Baking &amp; Cooking with Large LCD Display,Tare Function, OverLoad Indicator, Weigh Up to 10Kgs, 30 Months Warranty","₹ 219","https://m.media-amazon.com/images/I/61oj3sptitL._SL1500_.jpg","https://www.amazon.in/dp/B0CP2FPPM5"
"B0DBG8T6CX","SKi Homeware Trio 3 Compartment Bento Lunch/Snack Box For Your Kids&#39; School, Picnic, Sports - For Return Gifts Or Party Favours- Spiderman, Blue","₹ 289","https://m.media-amazon.com/images/I/71L9vVrFAhL._SL1500_.jpg","https://www.amazon.in/dp/B0DBG8T6CX"
"B09J2T124D","NutriPro Juicer Mixer Grinder - Smoothie Maker - 500 Watts (2 Jars &amp; 1 Blade, Silver) - 2 Year Warranty","₹ 1,599","https://m.media-amazon.com/images/I/71rH4vEE4nL._SL1500_.jpg","https://www.amazon.in/dp/B09J2T124D"
"B08WJ2HN87","GIZGA Essentials Laptop Stand Riser for 12 to 15.6 Inch Laptop, MacBook, Tablet| Ergonomic Height/Angle Adjustable Stand with Phone Holder, Heat Dissipation, Anti-Slip Base, Portable Lightweight ABS","₹ 249","https://m.media-amazon.com/images/I/61xG7NUYSML._SL1500_.jpg","https://www.amazon.in/dp/B08WJ2HN87"
"B01A57IV58","Trance 100% Waterproof Premium Mattress Protector for Double Bed King Size 78x72 Inches | Cotton Feel Mattresses Cover | Elastic Fitted | Fits Upto 10 Inch | Bed Protector Cover (78&#34;x72&#34; King Grey)","₹ 659","https://m.media-amazon.com/images/I/61Mx6KEz3QL._SL1107_.jpg","https://www.amazon.in/dp/B01A57IV58"
"B07PPBD529","LiMETRO STEEL Stainless Steel Foldable Cloth Dryer Stand Double Rack Cloth Stands for Drying Clothes Steel (Cross), 120x54x4 cm","₹ 1,699","https://m.media-amazon.com/images/I/81zi4U9ZxgL._SL1500_.jpg","https://www.amazon.in/dp/B07PPBD529"
"B0GTQZ9S5P","Aluminum Foldable Laptop Stand | 6-Angle Adjustable Ergonomic Portable Riser | Ventilated Desktop Cooling Holder for MacBook Pro/Air, HP, Dell, Lenovo (10 to 15.6 Inches) - Multicolor","₹ 249","https://m.media-amazon.com/images/I/61xsin4BQaL._SL1024_.jpg","https://www.amazon.in/dp/B0GTQZ9S5P"
"B0D9FL6CFX","Tygot Aluminium Laptop Stand Adjustable 6 Angles, Foldable Ergonomic Laptop Riser for Desk, Portable Stand for MacBook, HP, Dell, Lenovo &amp; Other Laptops (Grey)","₹ 329","https://m.media-amazon.com/images/I/713Z4UxkIFL._SL1500_.jpg","https://www.amazon.in/dp/B0D9FL6CFX"
"B0H5JYMVY7","750ml Stainless Steel Lunch Box with 3 Compartments | Leak-Proof BPA Free Lunch Box for School &amp; Office | Includes Spoon, Fork &amp; Chopsticks | Multicolor (Purple)","₹ 479","https://m.media-amazon.com/images/I/61gCFQfICTL._SL1350_.jpg","https://www.amazon.in/dp/B0H5JYMVY7"
"B0D8Y9FNF3","Btag SF-400 Digital Kitchen Weighing Scale | 10Kg x 1g Precision | 1 year (6+6 months) warranty | Food Scale with LCD Display for Cooking, Baking, Meal Prep &amp; Healthy Diet | (White)","₹ 219","https://m.media-amazon.com/images/I/51WMzZq09cL._SL1000_.jpg","https://www.amazon.in/dp/B0D8Y9FNF3"
"B0GGRKDMSZ","Tata 1mg Weightwise Kitchen Weighing Scale | 1g Precision | Stainless Steel | Max Capacity 5 kg | Auto Power-Off Feature | Ideal for Daily Diet Tracking, Portion Control and Weight Management Goals","₹ 645","https://m.media-amazon.com/images/I/71dh0eS0SiL._SL1500_.jpg","https://www.amazon.in/dp/B0GGRKDMSZ"
"B0C9Q3XRRW","Beco Natural Disinfectant Surface &amp; Floor Cleaning Liquid | 1L Bottle | Non Toxic Germ Kill Formula | Lemongrass &amp; Basil Freshness | Safer Than Phenyl | Kids Safe &amp; Pet Friendly Floor Cleaner Liquid","₹ 139","https://m.media-amazon.com/images/I/71RLnQbEgoL._SL1500_.jpg","https://www.amazon.in/dp/B0C9Q3XRRW"
"B00EU6TXC6","Portronics My Buddy K Portable Laptop Stand with Adjustable Height, Foldable, OverHeating Protection for Laptops &amp; MacBooks (Grey)","₹ 453","https://m.media-amazon.com/images/I/51mN-RUnn5L._SL1200_.jpg","https://www.amazon.in/dp/B00EU6TXC6"
"B07Q4NJQC5","IONIX Jewellery Scale | Weight Scale | Digital Weight Machine |Electronic weighing machines for Jewellery 0.1G to 200G Small Weight Machine for Shop - Silver","₹ 289","https://m.media-amazon.com/images/I/51Szvq-XboL._SL1000_.jpg","https://www.amazon.in/dp/B07Q4NJQC5"
"B0GHFZGP5Z","SF-400 Digital Kitchen Weighing Scale | 10Kg x 1g Precision | Food Scale with LCD Display for Cooking, Baking, Meal Prep &amp; Healthy Diet | Compact Weight Machine for Home Use (White)","₹ 119","https://m.media-amazon.com/images/I/61Lpo9VpFrL._SL1500_.jpg","https://www.amazon.in/dp/B0GHFZGP5Z"
"B0FZ62DBLW","304 Stainless Steel Small Food Storage Container with Silicone Lid (180ml) | Leakproof, Portable, Stackable Sauce &amp; Snack Box | Reusable, Dishwasher Safe, Airtight Lunch Box (4)","₹ 499","https://m.media-amazon.com/images/I/71z3HE6T9LL._SL1500_.jpg","https://www.amazon.in/dp/B0FZ62DBLW"
"B0CC99CQ4F","Brand Conquer Lunch Box Leak-Proof BPA Free Stainless Steel for School, Lunch Box for School &amp; Office with a Fork, a Spoon and a Pair of Chopsticks (Dark Blue, 4 Compartment)","₹ 599","https://m.media-amazon.com/images/I/71zBW7uqdKL._SL1500_.jpg","https://www.amazon.in/dp/B0CC99CQ4F"
"B0G3PS5RX3","Clazkit 3-Compartment Birdy Printed Design Lunch Box Plastic Leak-Proof &amp; BPA-Free Bento Box with Platic Tray, Spoon &amp; Container for School, Office, Travel 1120ml + 70ml, Light Pink","₹ 256","https://m.media-amazon.com/images/I/61UZBzMbAWL._SL1500_.jpg","https://www.amazon.in/dp/B0G3PS5RX3"
"B0F8P115F8","Clazkit Snack Pack Lunch Box for Kids, Adults |Tiffin Box with 2 Small Conatiner, Spoon and Fork | 100% Food Grade | Purple|700ml","₹ 210","https://m.media-amazon.com/images/I/61NlaTcLfRL._SL1500_.jpg","https://www.amazon.in/dp/B0F8P115F8"
"B0DHV38WWD","KZ EDC PRO IEM Wired Earphone, HiFi Dynamic Driver (DD) IEM, High-Functioning, OFC Cable, 0.75mm Detachable Cable, 3.5mm Plug for Audiophiles &amp; Musicians. (Black)","₹ 799","https://m.media-amazon.com/images/I/51KMrK5fYML._SL1024_.jpg","https://www.amazon.in/dp/B0DHV38WWD"
"B0FJLTJBNY","4-in-1 Airtight Kitchen Storage Container | Multipurpose Plastic Masala &amp; Spice Box with Flip Lids | Transparent Food Organizer Jar for Pulses, Grains, Cereals, Snacks, Tea &amp; Sugar","₹ 219","https://m.media-amazon.com/images/I/51L7IOwI7TL._SL1500_.jpg","https://www.amazon.in/dp/B0FJLTJBNY"
"B0GQVL3GPZ","Kitchen Weight Machine For Home | 10 KG Electronic Weighing Machine for Food | BackLit Tare Function 1 Year Warranty | Dual Weight Setting | Weighing Scale For Kitchen","₹ 429","https://m.media-amazon.com/images/I/71iyo8tr8OL._SL1500_.jpg","https://www.amazon.in/dp/B0GQVL3GPZ"
"B0G2MWC71K","Adjustable Laptop Stand, Portable Aluminum Notebook Riser with 6 Height Levels, Ergonomic Foldable Computer Stand for Desk","₹ 247","https://m.media-amazon.com/images/I/51uRndzg1DL._SL1120_.jpg","https://www.amazon.in/dp/B0G2MWC71K"
"B0GM6S9PJ3","WARMEO BENTO Microwave-Safe Stainless Steel Lunchbox with 3 compartments,bpa Free,Perfect for Office, School, Travelling, 750ml-brown","₹ 559","https://m.media-amazon.com/images/I/71zstQYOGAL._SL1500_.jpg","https://www.amazon.in/dp/B0GM6S9PJ3"
"B0G81XTZT4","Samsung Galaxy M17 5G Mobile (Moonlight Silver, 8GB RAM, 128GB Storage) | 50MP OIS Triple Camera | Gorilla Glass Victus| IP54 | 6 Gen OS Upgrades | AI | Gemini Live | Lag-free Gaming | Without Charger","₹ 20,999","https://m.media-amazon.com/images/I/71S8BY96MwL._SL1500_.jpg","https://www.amazon.in/dp/B0G81XTZT4"
"B0D14RVJ85","Longway LWKWS01 Multipurpose Portable Digital Kitchen Weighing Scale |Weight Machine With Back Light LCD Display | 2 Year Warranty (10 kg, Gray)","₹ 339","https://m.media-amazon.com/images/I/71u8JS441BL._SL1500_.jpg","https://www.amazon.in/dp/B0D14RVJ85"
"B0FJMH5M2D","HomeBasic Digital Kitchen Weighing Scale 10kg |Food Weighing Machine, Weight Scale for Food, 1g Accuracy, Multi-Unit (g, oz), Tare Function, Waterproof Platform for Cooking, Baking &amp; Diet (Beige+Grey)","₹ 249","https://m.media-amazon.com/images/I/71u+ctInDsL._SL1500_.jpg","https://www.amazon.in/dp/B0FJMH5M2D"
"B087V7Y944","KS Powder Free Nitrile Hand Gloves, Food Grade, Made in Malaysia (Medium, Blue, Box of 80), Pack of 1","₹ 495","https://m.media-amazon.com/images/I/61Zyps+JAqL._SL1254_.jpg","https://www.amazon.in/dp/B087V7Y944"
"B0FCYHYGGN","ZORBES® Portable Invisible Laptop Riser Stand Mini Self-Adhesive Laptop Stand Metal Lightweight Cooling Pad Compatible with MacBook, Lenovo, Dell &amp; All Laptops Pack of-2","₹ 281","https://m.media-amazon.com/images/I/51lekN8a8sL._SL1024_.jpg","https://www.amazon.in/dp/B0FCYHYGGN"
"B0DN1RWNSQ","One94Store Astronaut Galaxy Projector Night Light – 360° Rotating Nebula Star Projector with Remote Control, Timer &amp; Adjustable Head – Space Lamp for Kids’ Bedroom, Gifts, Gaming Room, Home &amp; Décor","₹ 699","https://m.media-amazon.com/images/I/71R2SxbDV5L._SL1254_.jpg","https://www.amazon.in/dp/B0DN1RWNSQ"
"B0GCSRZJZ8","HealthSense Kitchen Weighing Machine for Food|Digital Weight Scale for Home with Nutritional Calculator App 24 Nutrients LED Display Tare Function Stainless Steel Platform |1Year Warranty(KS100)","₹ 1,799","https://m.media-amazon.com/images/I/51r+foLcBQL._SL1080_.jpg","https://www.amazon.in/dp/B0GCSRZJZ8"
"B0FB4M58G2","UB Unity Brand Transparent Waterproof Glue for Leakage, Epoxy Resin for Flooring, Crack Seal Agent Waterproofing for Roof Leakage Solution Indoor Outdoor Waterproof Adhesive Sealan (1 kg Glue)","₹ 879","https://m.media-amazon.com/images/I/71a2HwZHwKL._SL1254_.jpg","https://www.amazon.in/dp/B0FB4M58G2"
"B0FR33DCRP","3-Compartment Stainless Steel Lunch Box – Insulated, Leak-Proof &amp; BPA-Free Bento Box with Tray, Spoon &amp; Container for School, Office, Travel – 1120ml + 70ml, Green","₹ 499","https://m.media-amazon.com/images/I/71O0E5sqLuL._SL1500_.jpg","https://www.amazon.in/dp/B0FR33DCRP"
"B0DHX3RS7T","Wheat Fiber Lunch Box with Spoon and Fork, 2 Partitions, Leakproof Tiffin Box for Kids, Lunch Box for Office, (Beige)","₹ 325","https://m.media-amazon.com/images/I/51rs7m0AKDL._SL1500_.jpg","https://www.amazon.in/dp/B0DHX3RS7T"
"B0GX62T8Z5","6-Angle Adjustable Aluminum Laptop Stand | Ergonomic Foldable &amp; Portable Tabletop Riser Holder for Laptop/Desktop | Compatible with MacBook, HP, Dell, Lenovo &amp; All Notebooks (Silver)","₹ 219","https://m.media-amazon.com/images/I/51fSWSaEe4L._SL1500_.jpg","https://www.amazon.in/dp/B0GX62T8Z5"
"B0G1CK8TNC","uppercase Node Laptop Sleeve, Multi-Textured Quilted Design, Quick Access Pocket, Trolley Sleeve, Slide-in Handle &amp; Detachable Shoulder Strap, Ideal for Men &amp; Women | Office &amp; Travel","₹ 999","https://m.media-amazon.com/images/I/71TGWR9NoDL._SL1500_.jpg","https://www.amazon.in/dp/B0G1CK8TNC"
"B07Q3WPB6B","Loctite Tite Foam PU sealant(White), Expanding Foam for large gaps filling, keeps dust and pests aways, DIY dries fast, waterproof no shrinkage | PVC pipe bathroom, AC ducts 340g | Polyurethane","₹ 499","https://m.media-amazon.com/images/I/61ulpzJGCfL._SL1000_.jpg","https://www.amazon.in/dp/B07Q3WPB6B"
"B0C1S894S3","Wakefit 100% Waterproof Premium Cotton Mattress Protector | Breathable and Hypoallergenic Ultra Soft Fitted Bed Protector 78&#34;x72&#34; - King, Grey","₹ 895","https://m.media-amazon.com/images/I/61sRf7oDELL._SL1500_.jpg","https://www.amazon.in/dp/B0C1S894S3"
"B0CQPFM182","HealthSense Weight Machine for Kitchen, Kitchen Food Weighing Scale for Health, Fitness, Home Baking &amp; Cooking with SS Platform, Touch Button, Tare Function &amp; 1 Year Warranty – Chef-Mate KS 50","₹ 899","https://m.media-amazon.com/images/I/71ob51gm77L._SL1500_.jpg","https://www.amazon.in/dp/B0CQPFM182"
"B0FFN61TFZ","Acer Nano Pad Rechargeable Bluetooth Keyboard &amp; Mouse Combo, 3 DPI Upto 1200 DPI, 78 Keys Anti Slip Back, Ultra Thin Design for Tablet, Laptop, Mobile, 10m Working Distance, Scissor Footed (Blue)","₹ 899","https://m.media-amazon.com/images/I/61vb+7hTclL._SL1500_.jpg","https://www.amazon.in/dp/B0FFN61TFZ"
"B0G1Y4JJ3S","Careforce Scalp Massager for Hair Growth Soft Silicone Head Scrubber Massage for Exfoliator, Anti Dandruff, Deep Cleaning Shampoo Brush for Men &amp; Women (Black)","₹ 99","https://m.media-amazon.com/images/I/71B5GLEkMwL._SL1500_.jpg","https://www.amazon.in/dp/B0G1Y4JJ3S"
"B0F2KXSZGN","Dyazo 360° Rotating Laptop Stand Holder | Height Adjustable &amp; Foldable Riser for 10-15.6 Inch Laptop | Anti Slip Pads with Heat Vent | Compatible for MacBook, Dell, HP, Lenovo &amp; Other Notebook- Silver","₹ 2,999","https://m.media-amazon.com/images/I/71NTwzPJRiL._SL1500_.jpg","https://www.amazon.in/dp/B0F2KXSZGN"
"B09VL787WJ","GADDA CO 100% Waterproof Premium Cotton Feel Mattress Protector King Size 78x72 Inch|Ultra Soft Breathable &amp; Fitted Bed Protector Terry Cover Double Bed (6.5x6 feet, Fits 10 Inches, Grey)","₹ 629","https://m.media-amazon.com/images/I/71yu3d1QjjL._SL1500_.jpg","https://www.amazon.in/dp/B09VL787WJ"
"B0H5JJN222","Laptop Stand for Table, Premium Adjustable Laptop Stand Metal with 360° Rotating Base, Ergonomic Foldable Portable Laptop Holder for Desk, Compatible with All Laptops (Wide Compatibility)","₹ 1,550","https://m.media-amazon.com/images/I/61uXPStGVYL._SL1500_.jpg","https://www.amazon.in/dp/B0H5JJN222"
"B084Q1YZMF","G-CHARGE Single Side High Density Self Adhesive Foam Seal Tape, Weather Stripping Doors and Window Insulation Soundproofing, (12mm x 6mm x 5 Meter)","₹ 159","https://m.media-amazon.com/images/I/61kzOrGzuqL._SL1500_.jpg","https://www.amazon.in/dp/B084Q1YZMF"
"B08YQK9NQZ","Curaze Digital Food Weight Machine For Kitchen up to 10 kg Capacity -Accurate Kitchen Weighing Scale For Home Baking, Cooking &amp; Fitness with Touch Button Tare Function, Ideal For Food Measuring","₹ 1,399","https://m.media-amazon.com/images/I/618noW4BLZL._SL1500_.jpg","https://www.amazon.in/dp/B08YQK9NQZ"
"B0GRBCKNBY","Dyazo 14-14.1 Inch Laptop Sleeve/Cover with Handle &amp; Two Front Accessories Pockets | Compatible for MacBook, Dell, Lenovo, Asus, Acer, HP, Samsung, Surface Pro &amp; All Other Notebooks (Grey)","₹ 299","https://m.media-amazon.com/images/I/712IxxYuj6L._SL1500_.jpg","https://www.amazon.in/dp/B0GRBCKNBY"
"B0FKMKZLBJ","Door Mat for Home Entrance | Anti-Slip Door Mat for Main Door | Waterproof Dust Control Doormat for Indoor Outdoor | Brown Large Door Mat for Home Bathroom","₹ 897","https://m.media-amazon.com/images/I/61zU+uTH7dL._SL1080_.jpg","https://www.amazon.in/dp/B0FKMKZLBJ"
"B0F5HYF2WJ","THE SR Brand 3-Compartment Lunch Box for Office Men and Lunch Box for Kids, Portable Double-Layer Lunch Box with Cutlery and Lid,Microwave Safe Lunch Boxes (Pack of 1,Multicolor, Plastic), 1400 Ml","₹ 147","https://m.media-amazon.com/images/I/31E3qZzHKjL.jpg","https://www.amazon.in/dp/B0F5HYF2WJ"
"B0H2W7B82G","BMD Technologies Platform Weighing Scale, 150kg Capacity, 20g Accuracy, Heavy Duty Stainless Steel Pan, Mild Steel Body with Stainless Steel Pan Industrial Model (PAN SIZE-350 x 350 mm)","₹ 5,999","https://m.media-amazon.com/images/I/71rcOuMOdKL._SL1500_.jpg","https://www.amazon.in/dp/B0H2W7B82G"
"B0GZN4N1NC","BonKaso 360° Rotating Metal Laptop Stand, Height &amp; Angle Adjustable, Foldable Design, Carbon Steel Build, Ventilated Cooling, Supports Up to 5kg, Compatible with Laptops &amp; MacBook (Up to 17.3&#34;) - Grey","₹ 999","https://m.media-amazon.com/images/I/61jvcV9iMML._SL1500_.jpg","https://www.amazon.in/dp/B0GZN4N1NC"
"B0H45N1D2D","Misamo Enterprise Stainless Steel Lunch Box for Kids &amp; Adults, 3 Compartment Lunch Box, Leak Resistant Food Grade Tiffin Box with Spoon &amp; Fork, BPA Free (Blue)","₹ 449","https://m.media-amazon.com/images/I/61WcACAX5RL._SL1254_.jpg","https://www.amazon.in/dp/B0H45N1D2D"
"B0GPH37X28","Combo- 4-Piece Airtight Kitchen Masala Box Set with Tray &amp; 4-in-1 Airtight Storage Container | Transparent Spice Containers with Rack &amp; Dry Storage Jar","₹ 399","https://m.media-amazon.com/images/I/51YrihHPsFL._SL1024_.jpg","https://www.amazon.in/dp/B0GPH37X28"
"B078Y4LH9Z","GIZGA Shock-Proof Carbon Fibre, Soft Fabric, Mesh Pocket Carrying Case for Headphones, Multi-Purpose Pocket Storage Travel Organize, Pen Drives, SD Cards- Black","₹ 138","https://m.media-amazon.com/images/I/81bFc0LvMeL._SL1500_.jpg","https://www.amazon.in/dp/B078Y4LH9Z"
"B0F5WF277Z","UB UNITY BRAND Crack Seal Glue 300gm with Brush Transparent Waterproof Resin Epoxy for Roof Leakage Crack Seal Agent Roof Water Leakage Solution Water Proof Glue for Waterproofing (300 GM / 1 PACK)","₹ 299","https://m.media-amazon.com/images/I/61zUmh22heL._SL1024_.jpg","https://www.amazon.in/dp/B0F5WF277Z"
"B0H3VR91XV","Hungry Lunch Box with Water Bottle | Leakproof 3 Compartment Tiffin Box with Spoon, Fork &amp; Sauce Container | BPA Free Food Grade Plastic | Microwave &amp; Dishwasher Safe Lunch Box for School (Peach)","₹ 229","https://m.media-amazon.com/images/I/61jtxo9S3aL._SL1179_.jpg","https://www.amazon.in/dp/B0H3VR91XV"
"B07DR3Q1DJ","SECUREMENT® (Size-16 x 12) Tamper Proof Polybags Bags/Pouches/Cover 55 Micron for Shipping/Packing [Pack of &gt;50 Pcs. &gt;&gt;with Pod)","₹ 368","https://m.media-amazon.com/images/I/61zzcl96nWL._SL1319_.jpg","https://www.amazon.in/dp/B07DR3Q1DJ"
"B0FXX3PGWW","Royals hub Lunch Box 3 Compartment Out Side-Leak-Proof BPA Free Stainless Steel, Lunch Box for Girls, Lunch Box for School with a Fork, a Spoon and a Pair of Chopsticks 750 ml (Purple)","₹ 408","https://m.media-amazon.com/images/I/71NAC79SFcL._SL1500_.jpg","https://www.amazon.in/dp/B0FXX3PGWW"
"B08XMMVXC6","Shahn Foldable Laptop Stand Adjustable Height (7 Levels) | Aluminum Portable Laptop Riser for Desk | Compatible with MacBook, Dell, HP, Lenovo (11–15.6 Inch) | Ergonomic Cooling Stand","₹ 399","https://m.media-amazon.com/images/I/61fbJIMWtVL._SL1500_.jpg","https://www.amazon.in/dp/B08XMMVXC6"
"B0GYFBYGZB","2-in-1 Glass Oil Dispenser Spray Bottle | Fine Mist &amp; Controlled Pouring for Cooking | Refillable Kitchen Oil Sprayer for Frying, Baking, BBQ &amp; Salad | Leakproof &amp; Easy to Use","₹ 189","https://m.media-amazon.com/images/I/714-3-xGqPL._SL1254_.jpg","https://www.amazon.in/dp/B0GYFBYGZB"
"B0GV3GN73H","Portronics Toad 9 Wireless Bluetooth Mouse with Dual Wireless (BT + 2.4 GHz), Smart LED Display, Rechargeable Battery, Forward &amp; Back Button, Multi-Device Pair, Upto 4800 Dpi Sensitivity(White)","₹ 637","https://m.media-amazon.com/images/I/61TVfC6rqnL._SL1500_.jpg","https://www.amazon.in/dp/B0GV3GN73H"
"B0GVFBVTKB","Bento Lunch Box,1780ml 3-Layer Leakproof Tiffin Box with Bottle 450ml, 3 Compartments, BPA-Free Bamboo Fiber Bento Lunch Box for Kids &amp; Adults Boys &amp; Girls, Ideal for School, Office &amp; Gifting","₹ 999","https://m.media-amazon.com/images/I/71u6mDLWWNL._SL1500_.jpg","https://www.amazon.in/dp/B0GVFBVTKB"
"B0GQC11K2W","Laptop Stand Metal for Desk, Adjustable Aluminum Laptop Stand with 7 Angles, Foldable Ergonomic Laptop Riser, Portable Ventilated Laptop Holder for 10-15.6 Inch Laptops, Supports 10kg","₹ 279","https://m.media-amazon.com/images/I/612SvnAAwbL._SL1500_.jpg","https://www.amazon.in/dp/B0GQC11K2W"
"B0DVZ9HGG2","HomeBasic Digital Kitchen Weighing Scale 5kg | Food Weighing Machine, Weight Scale for Food, ±1g Accuracy, Multi-Units (g/oz/lb/ml), Tare Function, Waterproof Platform for Cooking, Baking &amp; Diet","₹ 649","https://m.media-amazon.com/images/I/71AZ3TTDPFL._SL1500_.jpg","https://www.amazon.in/dp/B0DVZ9HGG2"
"B0CMTXKDM4","JIALTO Plastic 10 Pcs Self Adhesive Wall Hooks - Heavy Duty Transparent Hook for Photo Frames, Wall Clocks, Keys - No Damage, Easy Installation","₹ 99","https://m.media-amazon.com/images/I/61mZOuW2-NL._SL1474_.jpg","https://www.amazon.in/dp/B0CMTXKDM4"
"B0GZ279BQ7","FPX Elevate Adjustable Laptop Stand for up to 15.6 Inch Laptops | Heavy-Duty Aluminum Alloy Multi-Angle Riser | Stable &amp; No-Wobble Build | Ventilation for Cooling | Universal Fit | Silver","₹ 218","https://m.media-amazon.com/images/I/51fAW1ErdQL._SL1024_.jpg","https://www.amazon.in/dp/B0GZ279BQ7"
"B0CYT6Y4Q5","Portronics Vader Pro Wireless Gaming Mouse with 2.4 GHz Receiver, 6 Buttons, Thumb Support, High-Precision Tracking, Ergonomic Comfort, Adjustable Optical DPI for Laptop, PC, Mac(Stone Grey)","₹ 499","https://m.media-amazon.com/images/I/5157uiRQJPL._SL1280_.jpg","https://www.amazon.in/dp/B0CYT6Y4Q5"
"B0H2QB5ZTY","Adjustable Laptop Stand with Aluminum Build &amp; Anti-Slip Silicone Rubber Pads | Portable Foldable Ergonomic Riser for Laptop &amp; Other Devices | Ideal for Home or Office Desk Setup","₹ 279","https://m.media-amazon.com/images/I/61rn+JQjIlL._SL1254_.jpg","https://www.amazon.in/dp/B0H2QB5ZTY"
"B0F9YKYW5N","CRAE SF-400 Digital Kitchen Weighing Scale | 10Kg x 1g Precision | 1 year (6+6 months) warranty | Food Scale with LCD Display for Cooking, Baking, Meal Prep &amp; Healthy Diet | (White)","₹ 179","https://m.media-amazon.com/images/I/61Okcy04EPL._SL1500_.jpg","https://www.amazon.in/dp/B0F9YKYW5N"
"B0FKMP9KP3","Robustt Disposable Hand Gloves - Transparent (100 Pcs) | Reusable, Anti Bacterial Food Safe Gloves For Hair-dye, Clinics, Hotels, Salons, Kitchen (Universal Fit)","₹ 79","https://m.media-amazon.com/images/I/61Wph77UsIL._SL1500_.jpg","https://www.amazon.in/dp/B0FKMP9KP3"
"B0D2HKBXY8","IMStarTrading Digital Kitchen Food Weighing Scale for Healthy Living | Home Baking Cooking Fitness &amp; Balanced Diet | High Precision Weighing Scale with Digital Display | 10Kg x 1g | LCD Screen","₹ 449","https://m.media-amazon.com/images/I/41d25ANnWoL._SL1024_.jpg","https://www.amazon.in/dp/B0D2HKBXY8"
"B0DFHKH5GL","TEC TAVAKKAL Lunch Box 3 Compartment Leak-Proof BPA Free Stainless Steel, Lunch Box for Kids, Lunch Box for School &amp; Office with a Fork, a Spoon and a Pair of Chopsticks (Pink), 750 ml","₹ 399","https://m.media-amazon.com/images/I/81jhC8GUCLL._SL1500_.jpg","https://www.amazon.in/dp/B0DFHKH5GL"
"B0GTHY8Y4S","Famyo Bento Lunch Box for Kids, June Unicorn | Leakproof, Stainless Steel, 3 Compartment, 4 Clip Lock &amp; Secret Compartment, BPA Free","₹ 1,397","https://m.media-amazon.com/images/I/61k5CrEgCxL._SL1080_.jpg","https://www.amazon.in/dp/B0GTHY8Y4S"
"B0F2HZCN4V","JAXHOM Lunch Box Leak-Proof &amp; Portable Bento Box for Kids &amp; Adults I Fully Detachable Tiffin Box - 22 x 9.5 x 9 cm (GreenXGreen, SmartBox)","₹ 499","https://m.media-amazon.com/images/I/61us62A1r9L._SL1285_.jpg","https://www.amazon.in/dp/B0F2HZCN4V"
"B0G4CRYBCB","Amkette Optimus BT Plus Rechargeable Wireless Keyboard/Bluetooth Keyboard for Laptop | Compact Design.Powerful Firmware. 2.4G+3xBT, One Click Device Switching &amp; AI Access, Dual OS Layout (Black)","₹ 949","https://m.media-amazon.com/images/I/61bDU5Ok18L._SL1500_.jpg","https://www.amazon.in/dp/B0G4CRYBCB"
"B0974HL4K9","Knya Scrub Suit for Women | 5 Pocket | V Neck Top &amp; Bottom Set | Short Sleeves | Lightweight &amp; Breathable | Hospital Clinic &amp; OT Wear | Medical Uniform | Scrubs for Female Doctors Nurses &amp; Dentists","₹ 1,099","https://m.media-amazon.com/images/I/61LCpxJ8p7L._SL1500_.jpg","https://www.amazon.in/dp/B0974HL4K9"
"B0FR8LT15J","2PCS Portable Mini Laptop Stand – Adjustable Alloy Keyboard Riser with Rubber Feet and Non-Slip Pads, Lightweight Holder for Desk (Black)","₹ 284","https://m.media-amazon.com/images/I/610d+SFtLbL._SL1500_.jpg","https://www.amazon.in/dp/B0FR8LT15J"
"B0FW5F7J1G","AR Enterprises Product B0FW5F7J1G","N/A","https://m.media-amazon.com/images/I/default.jpg","https://www.amazon.in/dp/B0FW5F7J1G"
"B0GDH18HHV","AR Enterprises Product B0GDH18HHV","N/A","https://m.media-amazon.com/images/I/default.jpg","https://www.amazon.in/dp/B0GDH18HHV"
"B0F4N8Q551","AR Enterprises Product B0F4N8Q551","N/A","https://m.media-amazon.com/images/I/default.jpg","https://www.amazon.in/dp/B0F4N8Q551"
"B0FVFJHZBP","AR Enterprises Product B0FVFJHZBP","N/A","https://m.media-amazon.com/images/I/default.jpg","https://www.amazon.in/dp/B0FVFJHZBP"
"B0DRCT1MTK","Water Bottle 1 ltr Stainless Steel Sports/Fridge Bottle with Sipper Cap | 1-Year Warranty | Single Wall | For Home, Office, Gym | Lightweight | Craft Pro 950ml | Grey - Black Ombre","₹ 299","https://m.media-amazon.com/images/I/61RKrJymj0L._SL1500_.jpg","https://www.amazon.in/dp/B0DRCT1MTK"
"B0H55XH2PY","AR Enterprises Product B0H55XH2PY","N/A","https://m.media-amazon.com/images/I/default.jpg","https://www.amazon.in/dp/B0H55XH2PY"
"B082LSVT4B","AR Enterprises Product B082LSVT4B","N/A","https://m.media-amazon.com/images/I/default.jpg","https://www.amazon.in/dp/B082LSVT4B"
"B0FP4TFLZ8","The Better Home | Silicone Lunch Box | Foldable Design with PP Lid | Leak-Proof Travel-Friendly Bento Box | Tiffin Box for School Office Kids | 800ml 1200ml Capacity | Green Pack of 2","₹ 549","https://m.media-amazon.com/images/I/61Bn7dcx9LL._SL1500_.jpg","https://www.amazon.in/dp/B0FP4TFLZ8"
"B0DP9LDZJ4","AR Enterprises Product B0DP9LDZJ4","N/A","https://m.media-amazon.com/images/I/default.jpg","https://www.amazon.in/dp/B0DP9LDZJ4"
"B0FMDL81GS","AR Enterprises Product B0FMDL81GS","N/A","https://m.media-amazon.com/images/I/default.jpg","https://www.amazon.in/dp/B0FMDL81GS"
"B0D2R2MXXJ","AR Enterprises Product B0D2R2MXXJ","N/A","https://m.media-amazon.com/images/I/default.jpg","https://www.amazon.in/dp/B0D2R2MXXJ"
"B08LHTJTBB","Dyazo 6 Angles Adjustable Aluminum Ergonomic Foldable Portable Tabletop Laptop/Desktop Riser Stand Holder Compatible for MacBook, HP, Dell, Lenovo &amp; All Other Notebook (Silver)","₹ 389","https://m.media-amazon.com/images/I/61kBmC8NfGL._SL1080_.jpg","https://www.amazon.in/dp/B08LHTJTBB"
"B0FT3S3KLW","AR Enterprises Product B0FT3S3KLW","N/A","https://m.media-amazon.com/images/I/default.jpg","https://www.amazon.in/dp/B0FT3S3KLW"
"B0D9W55VLG","Ant Esports NC230 Gaming Notebook Cooler for 10–17 Inch Laptops | Cooling Pad with 6 Fans RGB | USB Powered Silent Fan | Adjustable Height Cooling Stand | Compatible with MacBook, PS5 &amp; PS4","₹ 799","https://m.media-amazon.com/images/I/71hi6uFZeNL._SL1500_.jpg","https://www.amazon.in/dp/B0D9W55VLG"
"B09MVZB1NB","AR Enterprises Product B09MVZB1NB","N/A","https://m.media-amazon.com/images/I/default.jpg","https://www.amazon.in/dp/B09MVZB1NB"
"B0F9X3JDH7","AR Enterprises Product B0F9X3JDH7","N/A","https://m.media-amazon.com/images/I/default.jpg","https://www.amazon.in/dp/B0F9X3JDH7"
"B06VX8YR6Q","AR Enterprises Product B06VX8YR6Q","N/A","https://m.media-amazon.com/images/I/default.jpg","https://www.amazon.in/dp/B06VX8YR6Q"
"B0FJLTRRHM","AR Enterprises Product B0FJLTRRHM","N/A","https://m.media-amazon.com/images/I/default.jpg","https://www.amazon.in/dp/B0FJLTRRHM"
"B0DH4N9YL7","AR Enterprises Product B0DH4N9YL7","N/A","https://m.media-amazon.com/images/I/default.jpg","https://www.amazon.in/dp/B0DH4N9YL7"
"B09QHW3STF","AR Enterprises Product B09QHW3STF","N/A","https://m.media-amazon.com/images/I/default.jpg","https://www.amazon.in/dp/B09QHW3STF"
"B0CR7D2M11","AR Enterprises Product B0CR7D2M11","N/A","https://m.media-amazon.com/images/I/default.jpg","https://www.amazon.in/dp/B0CR7D2M11"
"B0GFVRNMRS","Stainless Steel Lunch Box Set, Bento Food Container With Locking Clips, Metal Meal Prep Box For Kitchen, Office, School &amp; Travel, Food Storage Box For Girls &amp; Boys (650ML+200ML)(Multicolor)","₹ 649","https://m.media-amazon.com/images/I/71-OEzqm7bL._SL1500_.jpg","https://www.amazon.in/dp/B0GFVRNMRS"
"B0CHY82FC5","Alloy Steel 2PCS Portable Keyboard Riser, Self-Adhesive Mini Laptop Stand Invisible Computer Keyboard Stand for All Laptops Computer Tablets, Foldable Laptop Feet with Anti-Slip Silicone","₹ 349","https://m.media-amazon.com/images/I/61ONtO-bJiL._SL1174_.jpg","https://www.amazon.in/dp/B0CHY82FC5"
"B0FTV7T21Y","VISBY INDIA Kitchen Weight Machine 10Kg,1 Year Warranty, Digital Scale with LCD Display 2 Battery, Scale for Home Baking, Cooking &amp; Balance Gym Diet. Weighing Machine with capacity 10Kg, Model- SF400","₹ 149","https://m.media-amazon.com/images/I/71yd9uEY0uL._SL1200_.jpg","https://www.amazon.in/dp/B0FTV7T21Y"
"B0FVFVKMPC","Dyazo 13-13.3 Inch Sleeve Case for Laptop | Cover Bag with Handle &amp; One Front Accessories Pocket | Compatible for MacBook Air/Pro, HP, Dell, Asus, Acer, Lenovo and Other Notebook (Black &amp; Orange)","₹ 349","https://m.media-amazon.com/images/I/61U+f8e5LBL._SL1500_.jpg","https://www.amazon.in/dp/B0FVFVKMPC"
"B0GVNJQJX8","2 Pcs Mini Laptop Riser Stand, Alloy Steel Portable Foldable Stand, Invisible Silicone for Laptop, Tablet &amp; Keyboard – Pack of 1 Set","₹ 299","https://m.media-amazon.com/images/I/611iiTvug3L._SL1024_.jpg","https://www.amazon.in/dp/B0GVNJQJX8"
"B0BVR8ZRSP","Dyazo Laptop Stand Foldable Height Angle Adjustable Laptop Riser for Desk Compatible for MacBook, Lenovo, Dell Notebook up to 15.6 Inches 360 Rotating Base (Silver)","₹ 1,399","https://m.media-amazon.com/images/I/61yCslId7jL._SL1080_.jpg","https://www.amazon.in/dp/B0BVR8ZRSP"
"B09STDH3W1","Securement Plastic Transparent Poly Bags For Packing Saree Cloth Sealable | Used For Saree Packing, Shirts Packing,Bopp Poly Bags Self Adhesive (100, 14x18)","₹ 362","https://m.media-amazon.com/images/I/41Wh3GF2eNS._SL1000_.jpg","https://www.amazon.in/dp/B09STDH3W1"
"B0F7Y54PJX","boAt Rockerz 113, 40H Battery, Dual Pair, Fast Charge, ENx Tech, Stream Ad Free Music via App Support, Magnetic Buds, Bluetooth Neckband, Wireless with Mic in Ear Earphones (Active Black)","₹ 999","https://m.media-amazon.com/images/I/61B5hIAmvdL._SL1500_.jpg","https://www.amazon.in/dp/B0F7Y54PJX"
"B0GCNH5372","Tobo Upgraded Magnetic USBC to USB C Adapter, 240W PD Fast Charging, Thunderbolt 4 Type-C 4.0 Extender, 80Gpgs, 24 Pin, for Laptop, Book Pro Air USB C Extender (TD-1555CC)","₹ 369","https://m.media-amazon.com/images/I/51GE975uRPL._SL1028_.jpg","https://www.amazon.in/dp/B0GCNH5372"
"B09BQVHQMP","Themisto Digital TDS Meter (TH-TDS10)","₹ 166","https://m.media-amazon.com/images/I/51YwCDyAfPL._SL1000_.jpg","https://www.amazon.in/dp/B09BQVHQMP"
"B07QP9PTZP","AR Enterprises Product B07QP9PTZP","N/A","https://m.media-amazon.com/images/I/default.jpg","https://www.amazon.in/dp/B07QP9PTZP"
"B0FBRGKXHG","OnePlus Bullets Wireless Z3 in-Ear Neckband with 12.4mm Drivers, 3D Spatial Audio,10 mins Charge for 27 hrs Playback, 4 EQ preset, Dynamic bass Enhancement &amp; BT5.4","₹ 1,999","https://m.media-amazon.com/images/I/51vT4GzBObL._SL1500_.jpg","https://www.amazon.in/dp/B0FBRGKXHG"
"B0G65Q55KN","TEKCOOL Lunch Box for Adults - Lunch Box for Kids - with Spoon &amp; Fork - Stainless Steel Lunch Box with 4 Compartment - Durable Perfect Size for On-The-Go Meal, BPA-Free-","₹ 649","https://m.media-amazon.com/images/I/81q6FwWYJXL._SL1500_.jpg","https://www.amazon.in/dp/B0G65Q55KN"
"B0DF32NKCH","UB Unity Brand Super Strong Adhesive Waterproof tape Permanent Repair Roof Water Leakage Solution Rubber Foil Suitable for Roof Leak, surface Crack, Window Sill Gap, Boat Sealing, Tank Leak (5CM*5M)","₹ 226","https://m.media-amazon.com/images/I/71lWPzsuwxL._SL1254_.jpg","https://www.amazon.in/dp/B0DF32NKCH"
"B0DL2DMGXM","OPIE Premium Adjustable Aluminum 360° Rotatable Laptop Stand with 4-in-1 USB Docking Station for MacBook, Lenovo, Dell, HP, Tablets up to 17&#34; Laptops - Dark Grey","₹ 3,999","https://m.media-amazon.com/images/I/617lMqVonaL._SL1500_.jpg","https://www.amazon.in/dp/B0DL2DMGXM"
"B0DDHM6D3L","Portronics Conch Theta C in Ear Type C Wired Earphones with in Line HD Mic, Powerful Audio, 14.2mm Driver, Unique Earbuds Design, TPE Anti Tangle Wire, in line Controls, Wide Compatibility(White)","₹ 322","https://m.media-amazon.com/images/I/51GGwjwSr0L._SL1500_.jpg","https://www.amazon.in/dp/B0DDHM6D3L"
"B0FPXKMT65","WARMEO MICROMATE Microwave-Safe Stainless Steel Lunch Box, Bpa Free, Perfect for Office, School, Travelling, Combo(800ml+150 ml),Green","₹ 499","https://m.media-amazon.com/images/I/61dcjkw9fjL._SL1500_.jpg","https://www.amazon.in/dp/B0FPXKMT65"
"B0GX9KQN5V","Zebronics NS2000 Plus Laptop Stand, Supports Up to 17-Inch Laptops, 5kg Load Capacity, 7-Level Adjustable Height, Ergonomic Foldable Design, Anti-Slip Silicone Pads (Silver)","₹ 349","https://m.media-amazon.com/images/I/61OjMAZnxEL._SL1500_.jpg","https://www.amazon.in/dp/B0GX9KQN5V"
"B09WDXX42Z","iScale i-11 Weight Capacity 50kg x 5g Accuracy,Chargeable Digital Weighing Machine/Electronic Weighing Scale with Front Back Double Red Display, Stainless Steel Pan, 14x14&#34;,Shop/Kitchen/Commercial","₹ 5,799","https://m.media-amazon.com/images/I/71UAM0eDENL._SL1500_.jpg","https://www.amazon.in/dp/B09WDXX42Z"
"B0H4S9K9YS","OMNIARC Elevate Foldable Laptop Stand | 7 Angle Adjustable, Ergonomic Laptop Riser, Portable Aluminium, For Work, Study, Gaming &amp; Home Office","₹ 259","https://m.media-amazon.com/images/I/61j-VcVFpJL._SL1254_.jpg","https://www.amazon.in/dp/B0H4S9K9YS"
"B0FB34TBDC","FRONTECH Laptop Stand Featuring Portable Foldable Design, Anti-Slip Silicone Rubber Pads, Supports Maximum of 5kgs Weight, 6 Adjustable Levels.(CP-0010)","₹ 202","https://m.media-amazon.com/images/I/61bytj7PbzL._SL1500_.jpg","https://www.amazon.in/dp/B0FB34TBDC"
"B0G93D3WYN","FORIDA Foldable Laptop Stand – Adjustable Height &amp; Angle, Portable Metal Laptop Riser with Anti-Slip Pads, Heat Dissipation, Supports Up to 10kg – for All Laptops up to 15.6&#34;","₹ 297","https://m.media-amazon.com/images/I/51c8dt4B6dL._SL1000_.jpg","https://www.amazon.in/dp/B0G93D3WYN"
"B0FM38916Y","boAt Bassheads 300C Wired Earphones,Type-C Jack, 10mm Drivers, Signature Sound, in-Line Microphone, Integrated Controls, Voice Assistant &amp; 120cm Cable (Active Black)","₹ 549","https://m.media-amazon.com/images/I/51sxI5xpalL._SL1500_.jpg","https://www.amazon.in/dp/B0FM38916Y"
"B0B694PXQJ","GADGETRONICS Digital Kitchen Weight Scale Food Weight Machine For Health, Fitness, Home Baking &amp; Cooking (10 Kgs, 1 Year Warranty &amp; Batteries Included), Black","₹ 699","https://m.media-amazon.com/images/I/61coqrTZOiL._SL1000_.jpg","https://www.amazon.in/dp/B0B694PXQJ"
"B0D96HMLYX","Amazon Basics 20000 mAh Power Bank | 22.5W Fast Charging | Dual Output &amp; Input | Charge 3 Devices Simultaneously | for Smartphones, TWS Earbuds, Speakers, Tablets (Dark Blue)","₹ 1,099","https://m.media-amazon.com/images/I/61FEiRJcFiL._SL1500_.jpg","https://www.amazon.in/dp/B0D96HMLYX"
"B0H82F5K6S","Kenayo Bus Shape Multicolor Lunch Box with Spoon and Fork Leakproof Bento Lunch Box Food Storage for Kids School Picnic Travel Office Multicolor","₹ 399","https://m.media-amazon.com/images/I/41OJuMVl7iL.jpg","https://www.amazon.in/dp/B0H82F5K6S"
"B0FFH26PTG","Ant Esports Lapi MousePad 260X210X3mm Anti-fray Stitching, Universal Shortcut Sheet Waterproof Surface &amp; Non-Slip Rubber Base Stitched Edges Mouse Mat for Laptop,Compatible with Laser and Optical Mice","₹ 129","https://m.media-amazon.com/images/I/81ubrDJ-unL._SL1500_.jpg","https://www.amazon.in/dp/B0FFH26PTG"
"B0DVPNSR2Z","Unity Brand Tiles Gap Filler Waterproof, Gap Sealant, Grout, White Cement Paste Tube, Gap Filler for Walls and Joints, Waterproof Sealant, Tile Gap Filler Tube for Kitchen, Bathroom (180 ML.)","₹ 190","https://m.media-amazon.com/images/I/71LM6eIhFkL._SL1500_.jpg","https://www.amazon.in/dp/B0DVPNSR2Z"
"B0DB269JKH","Portronics Clamp M4 Car Phone Holder Stand with 360 Degree Rotation, Strong Grip, Suction Cup Mount, Single Hand Use, Shockproof Build, Mobile Stand for Car (Black)","₹ 229","https://m.media-amazon.com/images/I/61--PoBNi4L._SL1200_.jpg","https://www.amazon.in/dp/B0DB269JKH"
"B0FGY65QTP","Stopwatch Timer for Study Kitchen Timer Large LCD Screen 24hr Digital Display Magnetic Retractable Stand Loud Alarm Stop Watch Countdown Flashing Light Study Timer for Students Cooking (Blue)","₹ 189","https://m.media-amazon.com/images/I/61g8GH1RJrL._SL1500_.jpg","https://www.amazon.in/dp/B0FGY65QTP"
"B0FJLQC934","Square Masala Box with 7 Compartments &amp; Spoon | Plastic Spice Organizer with Airtight Lid | Indian Spice Storage Container for Kitchen (1 Pc, Brown)","₹ 199","https://m.media-amazon.com/images/I/612L6ELGuEL._SL1080_.jpg","https://www.amazon.in/dp/B0FJLQC934"
"B0CMJ31ZLW","Themisto TH-WS15 Electronic digital Kitchen Weighing Scale |10 Kg|Back Light LCD| Made In India with 1 Year Warranty","₹ 499","https://m.media-amazon.com/images/I/51H34oseSLL._SL1000_.jpg","https://www.amazon.in/dp/B0CMJ31ZLW"
"B0FN49BJHQ","Heavy Duty Garbage Bags – 90 Count (30 x 3 Rolls) | Extra Strong Black Trash Bags | Leakproof &amp; Tear-Resistant | Large Disposable Dustbin Bags for Home, Kitchen, Office &amp; Commercial Use","₹ 199","https://m.media-amazon.com/images/I/51r-cJibbUL._SL1080_.jpg","https://www.amazon.in/dp/B0FN49BJHQ"
"B01LWYDEQ7","Pigeon Polypropylene Mini Handy and Compact Chopper with 3 Blades for Effortlessly Chopping Vegetables and Fruits for Your Kitchen (12420, Green, 400 ml)","₹ 183","https://m.media-amazon.com/images/I/51RXzjrUmkL._SL1000_.jpg","https://www.amazon.in/dp/B01LWYDEQ7"
"B0FVY29B72","KZ Gale Gaming IEM Wired in-Ear Monitor Earphones, Super Linear Dynamic Driver, Dual Mic, Silver-Plated Cable, HiFi Sound, Noise Isolation 0.75mm Connector, Ideal for Music &amp; Gaming (Type-C)","₹ 2,299","https://m.media-amazon.com/images/I/51lo-lKUYiL._SL1024_.jpg","https://www.amazon.in/dp/B0FVY29B72"
"B0FQPDT1HH","Nurah Lunch Box with Bottle Set for School | School Lunch Box for Boys| | L Lunch Box for Girls | Tiffin Box with Water Bottle | Combo with Bottle and Spoon | 460 Ml (Purple)","₹ 229","https://m.media-amazon.com/images/I/61je8IySp+L._SL1228_.jpg","https://www.amazon.in/dp/B0FQPDT1HH"
"B0FTSBM7DV","Philips TAA1009BK/94 in-Ear Sports Wired Earphones with Mic, 12mm Neodymium Drivers, Secure Fit Wing Tips, IPX4 Splash/Sweat Resistant, 3-Button Remote, 1.2 m Cable with 3.5 mm Stereo Plug (Black)","₹ 399","https://m.media-amazon.com/images/I/61-r4-zQQcL._SL1500_.jpg","https://www.amazon.in/dp/B0FTSBM7DV"
"B0CVN4DNWY","Portronics iKonnect C Pro Type C to 3.5 mm Audio Jack Connector with DAC Headphone Converter Adapter Compatible with iPhone 15 Pro Max/15 Pro/15 Plus, Galaxy S23/S22/S21/S208 &amp; Other Type C Phones","₹ 169","https://m.media-amazon.com/images/I/61Lfhj2LdxL._SL1500_.jpg","https://www.amazon.in/dp/B0CVN4DNWY"
"B08PFSZ7FH","STRIFF 2-in-1 Laptop and Mobile Stand, Ergonomic, Adjustable Height, Anti-Slip Base, Heat Dissipation, Portable, Lightweight, Compatible with All Laptops Up to 15.6&#34; (Abs, Black)","₹ 229","https://m.media-amazon.com/images/I/71-z2kQ-NuL._SL1500_.jpg","https://www.amazon.in/dp/B08PFSZ7FH"
"B0B5HGZ2JM","wolpin 1 Pc Lunch Box for Kids Leak Proof Tiffin Box for Boys, Girls, School &amp; Office, Microwave Safe, Cartoon 800 ML Blue (Food Grade PP Plastic)","₹ 221","https://m.media-amazon.com/images/I/61I81snisQL._SL1500_.jpg","https://www.amazon.in/dp/B0B5HGZ2JM"
"B0CKJ2HCQ6","NANZU Glass 2 in 1 Oil Sprayer and Dispenser Bottle - 500ML for Kitchen, Cooking, BBQ, Air Fryer, Salad, Frying, Baking, Transparent","₹ 229","https://m.media-amazon.com/images/I/61e-HyTecSL._SL1000_.jpg","https://www.amazon.in/dp/B0CKJ2HCQ6"
"B0FNMPVC82","Guardian Bell Keychain | Tibetan Good Luck Protection Bell Key Chain for Car, Bike, Motorcycle, Home &amp; Travel | Spiritual Charm &amp; Positive Energy Amulet","₹ 349","https://m.media-amazon.com/images/I/61RBo2Gk5-L._SL1080_.jpg","https://www.amazon.in/dp/B0FNMPVC82"
"B0BJKGR6B4","AITODOS TA Portable Aluminum Alloy Laptop Stand, 6-Level Adjustable, Ventilated, Non-Slip Rubber, Foldable (8-16 inches)","₹ 199","https://m.media-amazon.com/images/I/81SwMhBPrRL._SL1500_.jpg","https://www.amazon.in/dp/B0BJKGR6B4"
"B09W9V2PXG","Themisto TH-WS20 Digital Kitchen Weighing Scale Stainless Steel (5Kg)","₹ 799","https://m.media-amazon.com/images/I/61pYT6GsVIL._SL1500_.jpg","https://www.amazon.in/dp/B09W9V2PXG"
"B0H3LKPC2K","OnePlus N6 | 6GB+128GB | Midnight Green | Segment&#39;s Biggest 8000mAh Battery | Segment&#39;s Fastest 45W Charging | 60-Month Smoothness | Smooth 120Hz Display | 50MP Camera | Military-Grade Durability","₹ 24,999","https://m.media-amazon.com/images/I/61f5ZCuSD6L._SL1500_.jpg","https://www.amazon.in/dp/B0H3LKPC2K"
"B0GN1J78Z2","Samsung Galaxy M17e 5G Mobile (Blitz Blue, 6GB RAM, 128GB Storage) | Smoothest 120 Hz Refresh Rate| Monster 6000 mAh Battery | IP54 | 6 Gen OS Upgrades | AI | Gemini Live | Without Charger","₹ 17,499","https://m.media-amazon.com/images/I/711NP4juOiL._SL1500_.jpg","https://www.amazon.in/dp/B0GN1J78Z2"
"B08HSN58RK","Konvio Neer TDS Meter for Water Testing | Digital TDS meter| PPM Tester for Drinking Water, RO, Aquarium &amp; Hydroponics | Total Dissolved Solids meter","₹ 299","https://m.media-amazon.com/images/I/41T7y64PCiS._SL1500_.jpg","https://www.amazon.in/dp/B08HSN58RK"
"B0GYNLKW67","500ml Stainless Steel Vacuum Insulated Bottle Set with 2 Cups | Double Wall Thermos Flask | Leak Proof BPA Free Water Bottle for Office, School, Travel &amp; Outdoor","₹ 299","https://m.media-amazon.com/images/I/7124Lp8tR8L._SL1369_.jpg","https://www.amazon.in/dp/B0GYNLKW67"
"B0F7M17H8S","VAYA Tydbyt Stainless Steel Lunch Box for Kids &amp; Boys, 650ml, 3 Steel Containers &amp; Lids, No Mix-Up Tiffin Box, School Bento Box, Blue","₹ 790","https://m.media-amazon.com/images/I/619wbfRfX1L._SL1500_.jpg","https://www.amazon.in/dp/B0F7M17H8S"
"B0FSDMYMNR","Adjustable Aluminum Laptop Stand 7 Angle Ergonomic Foldable Portable Riser Holder for Desk, Compatible with MacBook, Dell, HP, Lenovo &amp; All Laptops/Tablets (Silver)","₹ 214","https://m.media-amazon.com/images/I/71F+bG1unhL._SL1500_.jpg","https://www.amazon.in/dp/B0FSDMYMNR"
"B0F7B1W5MN","Geonix Trek T3 Aluminium Ergonomic Laptop Stand | 7 Angles Adjustable Tabletop | Anti Slip Rubber Pads | Foldable | Compatible with Laptops Upto 17 inch (Silver)","₹ 299","https://m.media-amazon.com/images/I/61LtT5-h1bL._SL1500_.jpg","https://www.amazon.in/dp/B0F7B1W5MN"
"B0FW5J63G7","Portronics My Buddy K9 Lite, Height Adjustable Laptop Stand with 360° Rotating Base, Carbon Steel Build, Anti-Slip Pads, Cooling Vent, Supports 15.6” Laptops, for Work from Home &amp; Office Use (Black)","₹ 773","https://m.media-amazon.com/images/I/61biK9TmaOL._SL1500_.jpg","https://www.amazon.in/dp/B0FW5J63G7"
"B0B61DSF17","beatXP Kitchen Scale Multipurpose Portable Electronic Digital Weighing Scale | Weight Machine With Back Light LCD Display | White | 10 Kg | 2 Year Warranty","₹ 189","https://m.media-amazon.com/images/I/61Is7sICRJL._SL1500_.jpg","https://www.amazon.in/dp/B0B61DSF17"
"B0GTLYX2JX","Foldable Aluminum Alloy Laptop Stand, Adjustable Portable Holder with Anti-Slip Silicone Pads, Ergonomic Cooling Stand for MacBook, Laptop &amp; Tablet, Silver","₹ 239","https://m.media-amazon.com/images/I/51jc2cIcUJL._SL1500_.jpg","https://www.amazon.in/dp/B0GTLYX2JX"
"B0DT4CXZZR","Dr Trust USA Stainless Steel Electronic Kitchen Digital Scale Weighing Machine For Health, Fitness, Diet, Nutrition, Cooking and Home Baking with Touch Button, Tare Function (5 Kg)-529","₹ 549","https://m.media-amazon.com/images/I/71Ha025BPTL._SL1500_.jpg","https://www.amazon.in/dp/B0DT4CXZZR"
"B0GN21V5Z7","1200ml Leak Proof Lunch Box for Office &amp; School | BPA Free Food Container with Airtight Lid | Microwave Safe, Durable &amp; Lightweight Tiffin Box for Men, Women &amp; Kids (Bule)","₹ 239","https://m.media-amazon.com/images/I/71UJnI6+zrL._SL1500_.jpg","https://www.amazon.in/dp/B0GN21V5Z7"
"B0H3VSD9WV","Hungry Lunch Box with Water Bottle | Leakproof 3 Compartment Tiffin Box with Spoon, Fork &amp; Sauce Container | BPA Free Food Grade Plastic | Microwave &amp; Dishwasher Safe Lunch Box for School (Sea Blue)","₹ 229","https://m.media-amazon.com/images/I/61vOb17U2FL._SL1179_.jpg","https://www.amazon.in/dp/B0H3VSD9WV"
"B0GRGKY1HT","Zebronics Mechanical Keyboard, Silent Linear Red Switches, 61 Keys Layout, 26 Key Anti Ghosting, Double Shot Keycaps, 17 LED Modes, Media Controls, 1.5m Cable (Max Ninja 61, Black)","₹ 1,249","https://m.media-amazon.com/images/I/71Z9-XibQoL._SL1500_.jpg","https://www.amazon.in/dp/B0GRGKY1HT"
"B0FWXW5RB9","Foxin Flow Wireless Mouse with Rechargeable Battery, Bluetooth &amp; 2.4 Ghz Dual Connectivity, 4 Buttons, Upto 1600 DPI, Type-C Charging | Ergonomic Office Mouse for Laptop, MacBook, PC | Black","₹ 348","https://m.media-amazon.com/images/I/61qN7pXunHL._SL1500_.jpg","https://www.amazon.in/dp/B0FWXW5RB9"
"B0H2QNCDWG","Adjustable Foldable Metal Laptop Riser Portable Notebook Stand with Multi Angle Positions Desktop Laptop Holder for Desk Use Silver","₹ 199","https://m.media-amazon.com/images/I/51+b-nYsJ8L._SL1500_.jpg","https://www.amazon.in/dp/B0H2QNCDWG"
"B0D8L38RJ5","ATTRO Quick Bite Dino Delight Lunch Box with 3 Compartment Fork &amp; Spoon BPA Free Food Grade Ideal for Kids School, Picnic &amp; Outdoor- 800ml Blue, Plastic","₹ 179","https://m.media-amazon.com/images/I/61vePoCTZiL._SL1500_.jpg","https://www.amazon.in/dp/B0D8L38RJ5"
"B0BPPWT61Q","IONIX Made In India, Dual Display Weight scale with 1 Year Warranty &amp; 8 hours battery Backup 30 kg capacity, Weight Machine for Shop | Weighing Machine | Weighing Machine for Shop 1 Piece, Black","₹ 1,195","https://m.media-amazon.com/images/I/71sDje7uoWL._SL1500_.jpg","https://www.amazon.in/dp/B0BPPWT61Q"
"B0DFHJTBFX","EUROWRAP Food Wrapping Paper 500g – Butter Paper Roll, Greaseproof &amp; Microwave Safe, Roti Wrapping Sheets for Kitchen Use, Ideal for Baking, Packing, and Serving","₹ 149","https://m.media-amazon.com/images/I/714nA7kX6GL._SL1500_.jpg","https://www.amazon.in/dp/B0DFHJTBFX"
"B0H5WT2R23","3 Compartment Lunch Box with Spoon and Clear Lid, Leak Resistant Tiffin Box for Office School College Travel, Teal Yellow","₹ 199","https://m.media-amazon.com/images/I/61wVEs-iMaL._SL1402_.jpg","https://www.amazon.in/dp/B0H5WT2R23"
"B0CT8Q17Z1","ATTRO Carbon Lunch Box with 3 Compartment, Stylish lid &amp; 2 Spoons Made with Heavy Plastic BPA Free Food Grade Perfect for School Kids, College &amp; Outdoor 1100ml - Assorted","₹ 199","https://m.media-amazon.com/images/I/71AzawH-CpL._SL1500_.jpg","https://www.amazon.in/dp/B0CT8Q17Z1"
"B0FM7GMPLJ","Airtight Fridge Storage Containers 6-in-1 Set | BPA-Free Refrigerator Organizer Boxes with Lid &amp; Drain Basket | Leakproof Vegetable, Fruit, Meat &amp; Leftover Storage Box for Kitchen","₹ 199","https://m.media-amazon.com/images/I/41yPqImmrzL._SL1080_.jpg","https://www.amazon.in/dp/B0FM7GMPLJ"
"B0FVS5PRCH","Fire-Boltt Aero TWS Earbuds Custom EQ, Wireless Bluetooth 5.4, Music &amp; App Support, 50H Playtime, Fast Charging Case, 50ms Low Latency for Gaming, Touch Controls, IPX4 Waterproof, Clear Calls - Blue","₹ 699","https://m.media-amazon.com/images/I/61O9d5owPrL._SL1500_.jpg","https://www.amazon.in/dp/B0FVS5PRCH"
"B0CHPDTJ8T","Elan Stainless Steel Tiffin Box, 4 Compartment Lunch Box for Office| Easy to Carry | Traditional Indian Lunch Box for Men (Mauve, 1470 ml)","₹ 1,880","https://m.media-amazon.com/images/I/81qqTaocLaL._SL1500_.jpg","https://www.amazon.in/dp/B0CHPDTJ8T"
"B0F7GM9PKD","iScale Go-Lite Pro, 30Kg X 1G, Small Pan Size 21.5X16.5Cm, Best Suitable For 5-10Kg, Domestic All-Purpose Weighing Scale, Double Side Display, ABS Body (Not A Legal Scale For Commercial Use), Black","₹ 1,699","https://m.media-amazon.com/images/I/61qa6O5RmIL._SL1500_.jpg","https://www.amazon.in/dp/B0F7GM9PKD"
"B0D8PQQQ6G","DALUCI Self Adhesive Wall Hooks - 20 Pcs Heavy Duty Wall Hooks for Hanging | Nail Free Sticky Hooks for Wall Heavy Items Without Drilling, Transparent Wall Hanger Hook (Flower Hook, 20)","₹ 170","https://m.media-amazon.com/images/I/61GkkM+S6lL._SL1500_.jpg","https://www.amazon.in/dp/B0D8PQQQ6G"
"B09N1W49KL","BKN® Mini Premium Metal Folding Portable Laptop Stand Non-Slip Base Tabletop Risers for 10-17 Inch Laptop &amp; Keyboard &amp; Tablet (Pack of 4pcs)","₹ 449","https://m.media-amazon.com/images/I/61qyy5JOBzL._SL1500_.jpg","https://www.amazon.in/dp/B09N1W49KL"
"B07NJ7RT4S","AM Safe X Powder Free Blue Nitrile Gloves for Hands 100pcs | Food Grade Heavy Duty Disposable Multipurpose Gloves | Single Use |Cleaning, Kitchen, Tattoo, Salon, Automotive &amp; Examination Gloves Medium","₹ 439","https://m.media-amazon.com/images/I/71Sy9dxPKdL._SL1500_.jpg","https://www.amazon.in/dp/B07NJ7RT4S"
"B0FMS1V31H","SOLARA Premium Stainless Steel Lunch Box for Kids, with 3 Compartments, Leak Proof, Steel Tiffin Box for School Boys/Girls, BPA-Free &amp; Food Safe, Ideal for Meals &amp; Snacks, Galaxy","₹ 1,299","https://m.media-amazon.com/images/I/71bLnn90xfL._SL1500_.jpg","https://www.amazon.in/dp/B0FMS1V31H"
"B0DBLZNJN3","iBELL Digital Kitchen Weighing Scale for Health, LCD Display, High Precision Sensors, Tare Function, up to 5KG, Portable Food Weight Machine for Health, Fitness, Home Baking &amp; Cooking - KS502 (Orange)","₹ 550","https://m.media-amazon.com/images/I/81vBd+cQi8L._SL1500_.jpg","https://www.amazon.in/dp/B0DBLZNJN3"
"B0179V3H5W","Spartan Silica Gel - 5 Gram Desiccant Pouch of 80 pcs Pack (5gm/80 Packets) | Silica Gel Pouches for Moisture Absorbers for Room, Packaging of Shoes, Jewelry, Leather, Clothes or Electronics, Cars","₹ 129","https://m.media-amazon.com/images/I/61AOW-jTe8L._SL1500_.jpg","https://www.amazon.in/dp/B0179V3H5W"
"B0DGQ16G2Q","Portronics Toad 7 Wireless Mouse, Bluetooth 5.3V &amp; 2.4 GHz Wireless, Adjust Sensitivity Upto 3200 DPI, Rechargeable Built in Battery(Grey)","₹ 503","https://m.media-amazon.com/images/I/51s55c3F9mL._SL1200_.jpg","https://www.amazon.in/dp/B0DGQ16G2Q"
"B0FP4TF62V","The Better Home | Lunch Boxes | Food Grade Silicone | Airtight Lid Foldable Lunch Box for Kids Office School | Pack of 2 | 500ml 800ml | Lightweight Microwave Safe | Green","₹ 469","https://m.media-amazon.com/images/I/71pl+QeodPL._SL1500_.jpg","https://www.amazon.in/dp/B0FP4TF62V"
"B0H2HXGQHN","ALVIONI Laptop Stand 6 Angle Adjustable Foldable Metal Laptop Riser Portable Notebook Stand with Multi Angle Positions Desktop Laptop Holder Stand for Desk Use Silver","₹ 249","https://m.media-amazon.com/images/I/51+b-nYsJ8L._SL1500_.jpg","https://www.amazon.in/dp/B0H2HXGQHN"
"B0H8SBVPG3","3 Compartment Stainless Steel Lunch Box with Clip Lock Lid, Leak-Resistant Bento Tiffin Box for Office, School, Travel, Adults, Kids and Everyday Meals","₹ 499","https://m.media-amazon.com/images/I/61hYOuH88uL._SL1500_.jpg","https://www.amazon.in/dp/B0H8SBVPG3"
"B0FPX18W6Z","EvoFox Banshee 2 Tri-Mode Wireless Gaming Mouse (2X BT, 2.4G &amp; Wired), PixArt 3311 Sensor, 1000Hz Polling Rate, 12,000 DPI, LCD Display, 6 Programmable Buttons, Software Support, Onboard Memory-Black","₹ 1,899","https://m.media-amazon.com/images/I/51iPDXicJML._SL1500_.jpg","https://www.amazon.in/dp/B0FPX18W6Z"
"B0BVMVTP18","AR Enterprises Product B0BVMVTP18","N/A","https://m.media-amazon.com/images/I/default.jpg","https://www.amazon.in/dp/B0BVMVTP18"
"B0CSWJSC42","AR Enterprises Product B0CSWJSC42","N/A","https://m.media-amazon.com/images/I/default.jpg","https://www.amazon.in/dp/B0CSWJSC42"
"B0D2NX639K","AR Enterprises Product B0D2NX639K","N/A","https://m.media-amazon.com/images/I/default.jpg","https://www.amazon.in/dp/B0D2NX639K"
"B0GMQRVCZQ","Basil Bento Box Quad Plus – 3+1 Compartment Stainless Steel Lunch Box (1020ml) with BPA-Free Lid | Leak-Proof Tiffin for Kids &amp; Adults | Premium Lunch Box for School, Office &amp; Picnic – Bengal Bagh","₹ 2,499","https://m.media-amazon.com/images/I/61ekZulI4tL._SL1080_.jpg","https://www.amazon.in/dp/B0GMQRVCZQ"
"B0821PN8L4","AR Enterprises Product B0821PN8L4","N/A","https://m.media-amazon.com/images/I/default.jpg","https://www.amazon.in/dp/B0821PN8L4"
"B0GZHK8MYT","AR Enterprises Product B0GZHK8MYT","N/A","https://m.media-amazon.com/images/I/default.jpg","https://www.amazon.in/dp/B0GZHK8MYT"
"B0GY8NFSF2","AR Enterprises Product B0GY8NFSF2","N/A","https://m.media-amazon.com/images/I/default.jpg","https://www.amazon.in/dp/B0GY8NFSF2"
"B0FH9Y5JQN","AR Enterprises Product B0FH9Y5JQN","N/A","https://m.media-amazon.com/images/I/default.jpg","https://www.amazon.in/dp/B0FH9Y5JQN"
"B0FYQKYRRM","AR Enterprises Product B0FYQKYRRM","N/A","https://m.media-amazon.com/images/I/default.jpg","https://www.amazon.in/dp/B0FYQKYRRM"
"B093ZZVMVW","AR Enterprises Product B093ZZVMVW","N/A","https://m.media-amazon.com/images/I/default.jpg","https://www.amazon.in/dp/B093ZZVMVW"
"B0GH7NC745","EvoFox Shadow X Pro Wireless Gaming Mouse Tri-Mode Rechargeable | BT, USB 2.4G &amp; Wired, S203 Sensor, 1000Hz Polling Rate, 6400 DPI, RGB Lighting, 6 Programmable Buttons, Software Support","₹ 999","https://m.media-amazon.com/images/I/51mIdnLyCAL._SL1500_.jpg","https://www.amazon.in/dp/B0GH7NC745"
"B0CG98397D","AR Enterprises Product B0CG98397D","N/A","https://m.media-amazon.com/images/I/default.jpg","https://www.amazon.in/dp/B0CG98397D"
"B0821PYKVK","AR Enterprises Product B0821PYKVK","N/A","https://m.media-amazon.com/images/I/default.jpg","https://www.amazon.in/dp/B0821PYKVK"
"B0CMHJSKVZ","AR Enterprises Product B0CMHJSKVZ","N/A","https://m.media-amazon.com/images/I/default.jpg","https://www.amazon.in/dp/B0CMHJSKVZ"
"B0GWK553Z8","Bento Lunch Box for Adults &amp; Kids – Leakproof, Microwave Safe, 3 Compartment BPA-Free Lunch Box with Spoon &amp; Fork, 1780ml Stackable Bamboo Fiber Tiffin Box for Office &amp; School","₹ 849","https://m.media-amazon.com/images/I/51YjjHxDzRL._SL1306_.jpg","https://www.amazon.in/dp/B0GWK553Z8"
"B0DXTMNMY6","SKI Buffet Stainless Steel Lunch Box, with Steel subzi Container, a Spoon, and a partition -Airtight and Spill Proof | Sleek with Trendy Handles | Easy to Clean | for Adults and Kids | 900ML (Pink)","₹ 1,049","https://m.media-amazon.com/images/I/51AcjELgVbL._SL1080_.jpg","https://www.amazon.in/dp/B0DXTMNMY6"
"B0G71X21M4","6 Angles Adjustable Aluminum Laptop Stand, Ergonomic Foldable Portable Tabletop Riser Holder for MacBook, HP, Dell, Lenovo &amp; All Notebooks (Grey)","₹ 328","https://m.media-amazon.com/images/I/61NscdAhTrL._SL1162_.jpg","https://www.amazon.in/dp/B0G71X21M4"
"B0B6JLPDNQ","IONIX Weight Machine For Shop 30kg – Dual Display for Shop, Office &amp; Warehouse Use | High Accuracy Digital Weighing Machine | AC/DC Power Support | Verified Precision Commercial Scale","₹ 1,485","https://m.media-amazon.com/images/I/81N1zhL7PvL._SL1500_.jpg","https://www.amazon.in/dp/B0B6JLPDNQ"
"B0CF1M3PF9","Pikkme Flip Cover Leather Finish | Inside TPU with Card Pockets | Wallet Stand and Shock Proof | Complete Protection Flip Case for Redmi 12 5G / Poco M6 Pro 5G(Blue)","₹ 199","https://m.media-amazon.com/images/I/71rWAsKgNlL._SL1500_.jpg","https://www.amazon.in/dp/B0CF1M3PF9"
"B0H35YQGKH","Stainless Steel Lunch Box 750ML, 3 Compartments Leak Resistant Bento Tiffin Box with Spoon &amp; Chopsticks for Office, School &amp; Travel (Blue)(2402)","₹ 440","https://m.media-amazon.com/images/I/61+y-H9mXXL._SL1280_.jpg","https://www.amazon.in/dp/B0H35YQGKH"
"B0FRXX3W8F","Digital Pocket Weighing Scale – 0.01g High Precision Gold &amp; Jewellery Weight Machine | Portable Gram Scale with Stainless Steel Platform &amp; LCD Display - Gripit GOLD Scale","₹ 786","https://m.media-amazon.com/images/I/81X7vIGYhML._SL1500_.jpg","https://www.amazon.in/dp/B0FRXX3W8F"
"B0F6M42MRC","Meyaar Screen Keyboard Imprint Protection Microfiber Liner and Cleaning Cloth 13&#34; Compatible with MacBook Pro 14&#34;, 13&#34; and MacBook Air 13&#34; 15&#34; laptops (Pack of 2, 13&#34;/14&#34;/15&#34; MacBooks)","₹ 299","https://m.media-amazon.com/images/I/61gpqVIKr5L._SL1500_.jpg","https://www.amazon.in/dp/B0F6M42MRC"
"B0GMPHG9DG","Classic Steels Insulated 3-Compartment Stainless Steel Lunch Box for Kids &amp; Adults | Leak-Proof Bento Box with Silicone Seal | BPA-Free &amp; Food Grade, Green","₹ 648","https://m.media-amazon.com/images/I/51yHFn9o6zL._SL1500_.jpg","https://www.amazon.in/dp/B0GMPHG9DG"
"B0GKWVTHTT","Manual Hand Chopper 450ML | Vegetable &amp; Onion Chopper with Stainless Steel Blades | Pull String Food Processor | Garlic, Herbs, Nuts &amp; Fruit Cutter","₹ 199","https://m.media-amazon.com/images/I/512oOuyyzSL._SL1402_.jpg","https://www.amazon.in/dp/B0GKWVTHTT"
"B0GZN96JSQ","BonKaso 360° Rotating Metal Laptop Stand, Height &amp; Angle Adjustable, Foldable Design, Carbon Steel Build, Ventilated Cooling, Supports Up to 5kg, Compatible with Laptops &amp; MacBook (Up to 17.3&#34;) |White","₹ 999","https://m.media-amazon.com/images/I/61dnjITybnL._SL1500_.jpg","https://www.amazon.in/dp/B0GZN96JSQ"
"B0FSKKSWVF","AUDIOCULAR Type-C to 3.5mm Audio Jack Connector, Converter, Support 16bit 48kHz Type-C to Aux Portable DAC Dongle, Compatible with iPhone 16/15 Pro Max Plus, Galaxy S25/S24 Ultra/ S24 (Grey)","₹ 244","https://m.media-amazon.com/images/I/41tbpMOzV3L._SL1024_.jpg","https://www.amazon.in/dp/B0FSKKSWVF"
"B0DT4NBZPX","Vitafit Digital Weighing Machine for Food – Accurate Gripit Kitchen Scale for Home, Shop &amp; Kitchen Use | Smart Food Weight Machine 10kg with LCD Display &amp; Tare Function","₹ 588","https://m.media-amazon.com/images/I/51rZIj6a2RL._SL1000_.jpg","https://www.amazon.in/dp/B0DT4NBZPX"
"B0FT3SHG1X","Flower Shape Adhesive Wall Hook | Heavy Duty Transparent Wall Holder for Bathroom &amp; Kitchen | No-Drill Sticker Hooks for Home Organization | Strong Self-Adhesive for Keys, Towels (Pack of 10)","₹ 139","https://m.media-amazon.com/images/I/51NO-FIcFLL._SL1080_.jpg","https://www.amazon.in/dp/B0FT3SHG1X"
"B0H2Z62YGG","Digital Kitchen Weighing Scale | High Precision Food Weight Machine with LCD Display | Multipurpose Electronic Weight Scale for Cooking, Baking &amp; Grocery | Compact &amp; Portable | White","₹ 299","https://m.media-amazon.com/images/I/71D3q0yOLeL._SL1350_.jpg","https://www.amazon.in/dp/B0H2Z62YGG"
"B0GVSHTNG1","Laptop Stand Adjustable Foldable Metal Laptop Riser Portable Notebook Stand with Multi Angle Positions Desktop Laptop Holder Stand for Desk Use","₹ 279","https://m.media-amazon.com/images/I/51NYlxw-ntL._SL1500_.jpg","https://www.amazon.in/dp/B0GVSHTNG1"
"B0C378NLWW","Digital Kitchen Weighing Scale for Shop and Home Electronic Weight Machine with Adapter LCD Display Screen Scale For Kitchen Scales, Vegetable Shop - White (SF-400A) (1 g x 10 kg)","₹ 499","https://m.media-amazon.com/images/I/51Fk8hExWWL._SL1500_.jpg","https://www.amazon.in/dp/B0C378NLWW"
"B0H1W9FQKX","AQAY Portable Laptop Stand - Black | Foldable Laptop Notebook Platfrom Stand with Adjustable Height &amp; OverHeating Protection | Ideal for Laptops &amp; MacBooks - Pack of 1","₹ 329","https://m.media-amazon.com/images/I/51yXUK4j3DL._SL1254_.jpg","https://www.amazon.in/dp/B0H1W9FQKX"
"B0H14Q3RZX","KATYAYANI Adjustable Laptop Stand for Desk | Portable &amp; Foldable Aluminium Laptop| Heat-Dissipation, 7-Level Height Adjustable Holder | Compatible with 10–17 Inch Laptops, Tablets Carry Pouch Included","₹ 219","https://m.media-amazon.com/images/I/51PUwd-U1uL._SL1500_.jpg","https://www.amazon.in/dp/B0H14Q3RZX"
"B0DKTKTVJ8","Boldfit Weight Machine for Home Digital Weighing Machine for Human Body with LCD Display Max Weight Capacity 180Kgs (Batteries Not Included) – Bathroom Scale for Home","₹ 474","https://m.media-amazon.com/images/I/61HVSIcUjsL._SL1500_.jpg","https://www.amazon.in/dp/B0DKTKTVJ8"
"B0GVYGX4JX","OnePlus Nord CE6 Lite | 6GB+128GB | Vivid Mint | Segment&#39;s Fastest Dimensity 7400 Apex Processor | 7000mAh Battery | Segment&#39;s Highest 144Hz Refresh Rate | 50MP Main Camera, 4K Video Recording","₹ 25,999","https://m.media-amazon.com/images/I/61bbly9wcKL._SL1500_.jpg","https://www.amazon.in/dp/B0GVYGX4JX"
"B0GWM2HY69","Portronics Bubble 4.0 Wireless Keyboard with Bluetooth + 2.4 GHz USB Receiver, Rechargeable Battery, Volume Control Knob, Multimedia Hotkeys with Numpad, for Laptop, PC, Smartphone, Tablet(Blue)","₹ 1,249","https://m.media-amazon.com/images/I/717wCSYEbCL._SL1500_.jpg","https://www.amazon.in/dp/B0GWM2HY69"
"B0GHRVJGTQ","Umadiya® 3 Compartment Lunch Box Insulated Air Tight BPA Free Lunch Box, Stainless Steel 100% Leak Proof Lunch Containers with a Fork, a Spoon and a Pair of Chopsticks for School Kids -750Ml (Blue)","₹ 398","https://m.media-amazon.com/images/I/61Wy8J7dKhL._SL1500_.jpg","https://www.amazon.in/dp/B0GHRVJGTQ"
"B0FGDNTZRP","DOCAT Lunch Box 3 Compartment, 304 Stainless Steel Tiffin Box with Utensils (Fork, Spoon, Chopsticks), Lunch Box for Kids, Leak-Proof BPA-Free Tiffin Box for School &amp; Office Use 750ml (Blue)","₹ 462","https://m.media-amazon.com/images/I/71mJ3npQ2mL._SL1500_.jpg","https://www.amazon.in/dp/B0FGDNTZRP"
"B0821PKWBW","Amazon Brand - Presto! Garbage Bags | Small | 180 Count | 30 Bags X 6 Rolls | 17 X 19 Inches | For Dry &amp; Wet Waste | Black","₹ 275","https://m.media-amazon.com/images/I/613NiEOHPgL._SL1500_.jpg","https://www.amazon.in/dp/B0821PKWBW"
"B0BJ96GRTX","STRIFF Angles Adjustable Aluminum Ergonomic Foldable Portable Tabletop Laptop/Desktop Riser Stand Holder Compatible for MacBook, HP, Dell, Lenovo &amp; All Other Notebook - Black","₹ 299","https://m.media-amazon.com/images/I/61nfq1ak7xL._SL1500_.jpg","https://www.amazon.in/dp/B0BJ96GRTX"
"B0GHSGB9RX","FRONTECH Wireless Mini Keyboard | BT Multi-Device | 78 Keys with Functional Hot Keys | Silent Scissor Switch | 120mAh Rechargeable Battery | Android, Windows &amp; iOS | 1 Year Warranty (FT-1603ABLU)","₹ 446","https://m.media-amazon.com/images/I/71B-vt7OdCL._SL1500_.jpg","https://www.amazon.in/dp/B0GHSGB9RX"
"B0GN1MQTH7","3 Compartment Lunch Box for Office &amp; School | 1400ml Leakproof Bento Lunch Box with Spoon &amp; Fork | BPA Free Plastic Tiffin Box for Kids &amp; Adults | Multicolor","₹ 249","https://m.media-amazon.com/images/I/61eep+dmEeL._SL1402_.jpg","https://www.amazon.in/dp/B0GN1MQTH7"
"B0F2HYNVKB","JAXHOM 4 Compartment Kids Lunch Box with Spoon &amp; Fork | Leak-Resistant Bento Lunch Box for School, Picnic &amp; Travel | Durable Food Storage Container for Children (Purple, FunFeast)","₹ 599","https://m.media-amazon.com/images/I/61TuWMCU94L._SL1323_.jpg","https://www.amazon.in/dp/B0F2HYNVKB"
"B0BVMXR9B9","Onsitego 1 Year Extended Warranty for Small Household Appliances from Rs. 1-500 (Email Delivery - No Physical Kit)","₹ 99","https://m.media-amazon.com/images/I/61l6W3nERIL._SL1080_.jpg","https://www.amazon.in/dp/B0BVMXR9B9"
"B0CCM8L54V","Zulaxy Photo Frame Hooks for Wall Without Drilling, 10 Pack Self Adhesive Hooks for Wall Heavy Duty Strong Nail Free for Hanging Photo Frame (Hanging Hook, Transparent) Stainless Steel","₹ 268","https://m.media-amazon.com/images/I/61WnmpLwAQL._SL1500_.jpg","https://www.amazon.in/dp/B0CCM8L54V"
"B0GQVL2444","Acer PopGo Wireless Mouse | 2.4G + BT5.4 Dual Mode | 500mAh Rechargeable Battery | Adjustable DPI up to 6400 | Silent Click | 6 Buttons+Scroll Wheel | 10m Range | Windows &amp; Mac Compatible – Orange","₹ 599","https://m.media-amazon.com/images/I/71i3TBQW7ML._SL1500_.jpg","https://www.amazon.in/dp/B0GQVL2444"
"B09185QH3C","Glun Weight Machine for Kitchen, Digital Scale with LCD Display, Scale for Home Baking, Cooking &amp; Balance Diet. Weighing Machine with capacity 10Kg with back light","₹ 226","https://m.media-amazon.com/images/I/61gHsCxioNL._SL1500_.jpg","https://www.amazon.in/dp/B09185QH3C"
"B0GQV64T7B","UNIDSC Tiles Gap Filler 280g | Tile Grout Repair Paste for Floor &amp; Wall | Crack Resistant, Waterproof &amp; Long Lasting | Easy Apply Nozzle Bottle | For Bathroom, Kitchen &amp; Floor Tile Joints (280g)","₹ 294","https://m.media-amazon.com/images/I/61CV26-hV5L._SL1500_.jpg","https://www.amazon.in/dp/B0GQV64T7B"
"B0D87F8V2N","Xmart India Plastic Lunch Box Comes with 3 Detachable Box, 2 Spoons &amp; Stylish Lid Bpa Free, Tiffin Box for School,Lunch Box for Office use,Lunch Box for Kids Boys &amp; Girls","₹ 215","https://m.media-amazon.com/images/I/61SBq5z0izL._SL1080_.jpg","https://www.amazon.in/dp/B0D87F8V2N"
"B0FN47K5CH","daiDokoro 3 Removable Compartment - 1100 ML Bento Lunch Box | Compact BPA Free, Leak-Proof, Microwave &amp; Dishwasher Safe Tiffin for Office Use, School &amp; Travel (Viridian Green)","₹ 749","https://m.media-amazon.com/images/I/41uqFur0CpL._SL1024_.jpg","https://www.amazon.in/dp/B0FN47K5CH"
"B0GNS8BS61","Motivational Water Bottle 3 Pcs Set (2000ml + 900ml + 300ml) | Transparent Leakproof Plastic Water Bottles with Time Marker | Gym, Office, School &amp; Travel | BPA Free |","₹ 299","https://m.media-amazon.com/images/I/51-IZZbtD5L._SL1024_.jpg","https://www.amazon.in/dp/B0GNS8BS61"
"B0C376RWQP","Zebronics-NS1000 Laptop Stand Featuring Foldable Design, Anti-Slip Silicone Rubber Pads, Supports Maximum of 5kgs Weight, 6 Adjustable Levels.","₹ 229","https://m.media-amazon.com/images/I/51B4emQb6yL._SL1500_.jpg","https://www.amazon.in/dp/B0C376RWQP"
"B07XCM6T4N","STRIFF Adjustable Laptop Tabletop Stand Patented Riser Ventilated Portable Foldable Compatible with MacBook Notebook Tablet Tray Desk Table Book with Free Phone Stand (Black)","₹ 249","https://m.media-amazon.com/images/I/71Zf9uUp+GL._SL1500_.jpg","https://www.amazon.in/dp/B07XCM6T4N"
"B0DF64QX8Z","Laptop Stand for Desk, Aluminum Metal MacBook Stand，Computer Riser for Desk, Portable Foldable Adjustable Notebook Holder, Compatible with 10-15.6 Inch Laptops, iPad, Silver.","₹ 232","https://m.media-amazon.com/images/I/61sbH0SOy2L._SL1500_.jpg","https://www.amazon.in/dp/B0DF64QX8Z"
"B0C36YRMLQ","Zebronics-NS1500 Laptop Stand Featuring Foldable Design, Anti-Slip Silicone Rubber Pads, Supports Maximum of 5kgs Weight Tabletop","₹ 299","https://m.media-amazon.com/images/I/61MHLpET97L._SL1500_.jpg","https://www.amazon.in/dp/B0C36YRMLQ"
"B0H95232R1","Lunch Box with Spoon &amp; Inner Container | Leakproof BPA-Free Food Grade Tiffin Box | Microwave Safe Lunch Box for Office, School &amp; Travel | Sky Blue","₹ 229","https://m.media-amazon.com/images/I/61crtfp404L._SL1269_.jpg","https://www.amazon.in/dp/B0H95232R1"
"B0B9HSTGD8","Amazon Brand - Solimo Slim High Microwave Safe Office Two Compartment Lunch Box Set | Borosilicate Glass | Safety Lock Airtight Tiffin Containers (1350 ml) | Transparent","₹ 669","https://m.media-amazon.com/images/I/71IVqJ6hckL._SL1500_.jpg","https://www.amazon.in/dp/B0B9HSTGD8"
"B0DB615DDV","GEONIX 6 Angles Height Adjustable Foldable Laptop/Notebook Aluminium Alloy Stand with 2 Type C Interface and 3 USB A Interface (Black)","₹ 1,289","https://m.media-amazon.com/images/I/61wBYlsMx9L._SL1500_.jpg","https://www.amazon.in/dp/B0DB615DDV"
"B0FLK6RPJL","Lifelong Digital Kitchen Weighing Scale with LCD Display | 5kg Capacity| Stainless Steel Platform| Tare&amp;Unit Conversion |Compact Battery Operated Food Scale, Meal Prep&amp;Diet, Silver (LLKWS09Silver)","₹ 499","https://m.media-amazon.com/images/I/51b1BK+QQzL._SL1500_.jpg","https://www.amazon.in/dp/B0FLK6RPJL"
"B0GWVN8DF2","Aika Weight Machine for Kitchen Food (KWS-170QR) | Digital Food Weighing Scale 5kg Capacity | Weight Scale for Food with LCD Display, Tare Function &amp; Auto Off | Kitchen Scale for Home &amp; Diet","₹ 799","https://m.media-amazon.com/images/I/51O3HGp2VIL._SL1254_.jpg","https://www.amazon.in/dp/B0GWVN8DF2"
"B0GBXSF9BH","Lunch Box 3 Compartment Leak-Proof BPA Free Stainless Steel, Lunch Box for Boy &amp; Girls, Lunch Boxs for School &amp; Office with a Fork, a Spoon and a Pair of Chopsticks","₹ 599","https://m.media-amazon.com/images/I/619DYPlfXuL._SL1280_.jpg","https://www.amazon.in/dp/B0GBXSF9BH"
"B013B2WGT6","HealthSense Chef-Mate KS 33 Digital Kitchen Weighing Scale &amp; Food Weight Machine for Health, Fitness, Home Baking &amp; Cooking with Free Bowl, 1 Year Warranty &amp; Batteries Included","₹ 1,099","https://m.media-amazon.com/images/I/51OYFH+NrFS._SL1045_.jpg","https://www.amazon.in/dp/B013B2WGT6"
"B0CRDZ7YD7","ALS A1Metal Laptop Stand with Adjustable Height &amp; Angle | Laptop Stand Metal design with Foldable Tabletop Support | Portable Laptop Table Stand with Anti-Slip Grip &amp; Improved Airflow for Notebooks","₹ 353","https://m.media-amazon.com/images/I/51dqiF3KwZL._SL1500_.jpg","https://www.amazon.in/dp/B0CRDZ7YD7"
"B0FKPNYY9Z","Acer Bubble Wireless Mouse AMR100 | 2.4GHz Silent Click | 1600 DPI | Ergonomic | AA Battery | Win8/10/11 | Compact Lightweight Design | Color: White/Grey","₹ 499","https://m.media-amazon.com/images/I/61Wr9tOYxRL._SL1500_.jpg","https://www.amazon.in/dp/B0FKPNYY9Z"
"B0FT3THKJY","Brand Conquer Green Kids Lunch Box – Stainless Steel Insulated Tiffin for School with Spoon, BPA-Free | Leak-Resistant Bento Box with Tray &amp; Container | 800 ML(Green, Super Dinosaur)","₹ 498","https://m.media-amazon.com/images/I/61+699AUP9L._SL1500_.jpg","https://www.amazon.in/dp/B0FT3THKJY"
"B0FD3WKH3N","Dyazo 14 Inch Laptop Sleeve with Charger Pouch | Front Accessories Pocket with Handle Sleeve Case Cover | Compatible For MacBook, Lenovo, HP, Dell, Asus, Acer and Other Notebook (Grey)","₹ 299","https://m.media-amazon.com/images/I/719+YnugMoL._SL1500_.jpg","https://www.amazon.in/dp/B0FD3WKH3N"
"B0GTQ7TCKY","Adjustable Aluminum Laptop Stand Foldable Portable | Ergonomic Laptop Riser with Anti-Slip Pads | Heavy Duty Cooling Stand for Desk, MacBook, Notebook (Silver)","₹ 239","https://m.media-amazon.com/images/I/51PUwd-U1uL._SL1500_.jpg","https://www.amazon.in/dp/B0GTQ7TCKY"
"B0FS7VMH3J","Portronics Bubble Multimedia Wireless Keyboard 2.4 GHz &amp; Bluetooth 5.0 Connectivity, Noiseless Experience, Compact Size for iOS iPad Air, Pro, Mini, Android, Windows Tablets PC Smartphone(Purple)","₹ 969","https://m.media-amazon.com/images/I/61fHz0Br6BL._SL1500_.jpg","https://www.amazon.in/dp/B0FS7VMH3J"
"B0FYD581QN","Yogabar 26g High Protein Oats 1kg, Pack of 3 , Dark Chocolate - Breakfast Cereal with Wholegrains, 26% Protein &amp; No added sugar - Oats High Protein for Gym - Premium Protein Blend with Whey Protein Powder - with Goodness of Chia, Sunflower &amp; Pumpkin Seeds &amp; Probiotics for Absorption","₹ 1,099","https://m.media-amazon.com/images/I/81YqAL-+2XL._SL1500_.jpg","https://www.amazon.in/dp/B0FYD581QN"
"B0GM8111XD","Dyazo Overhead Long Arm LED Desk Lamp | 360°Adjustable Swing Arm Clamp | 3 Color Modes &amp; 10 Brightness Levels | Eye Caring 12W Table Light for Home, Office, Reading, Study with Memory Function (Black)","₹ 1,099","https://m.media-amazon.com/images/I/61Dq-MPpDkL._SL1500_.jpg","https://www.amazon.in/dp/B0GM8111XD"
"B0GP6SWNGM","Airtight Fridge Storage Containers Combo (6-in-1 + Set of 3) | BPA-Free Refrigerator Organizer Boxes with Lid &amp; Drain Tray | Stackable Leakproof Vegetable, Fruit, Meat &amp; Leftover Storage","₹ 499","https://m.media-amazon.com/images/I/51i7OcISn4L._SL1500_.jpg","https://www.amazon.in/dp/B0GP6SWNGM"
"B0GPH3N37R","Basesailor Lightning to 3.5mm Headphone Adapter (Black) | Lightning to AUX Audio Jack Connector Converter Compatible for iPhone | Hi-Fi Sound Quality | Compact &amp; Portable Design by AIL-KIN","₹ 664","https://m.media-amazon.com/images/I/61lovW9L9FL._SL1500_.jpg","https://www.amazon.in/dp/B0GPH3N37R"
"B0H15N19ZM","Stainless Steel 3 Compartment Lunch Box with Spoon | Leakproof BPA Free Bento Tiffin Box | 900ml Microwave Safe Food Container for Kids Adults School Office (Blue)","₹ 397","https://m.media-amazon.com/images/I/61TqF4nw46L._SL1500_.jpg","https://www.amazon.in/dp/B0H15N19ZM"
"B0GYJW8MJS","Laptop Stand 6 Angles Adjustable Aluminum Ergonomic Foldable Portable Tabletop Laptop/Desktop Riser Stand Holder Compatible for MacBook, HP, Dell, Lenovo &amp; All Other Notebook (Grey)","₹ 209","https://m.media-amazon.com/images/I/71l27DyvP4L._SL1500_.jpg","https://www.amazon.in/dp/B0GYJW8MJS"
"B083SR1NQ4","iScale i-500 | 30Kg x 1g | 1 Year Warranty Support | Kitchen and Multipurpose Scale with Direct Power Adapter | Small size 22 x 17cm | ideal for 5-10kg (Not for commercial use)","₹ 1,149","https://m.media-amazon.com/images/I/61pP8hOqT7L._SL1500_.jpg","https://www.amazon.in/dp/B083SR1NQ4"
"B0GKWZQD8W","4-Piece Airtight Kitchen Masala Box Set with Tray | Leakproof Spice Storage Containers | Easy Flow Rasoi Organizer for Masala, Dry Fruits &amp; Condiments |","₹ 199","https://m.media-amazon.com/images/I/71yVCx2B2iL._SL1500_.jpg","https://www.amazon.in/dp/B0GKWZQD8W"
"B0GDGXP5ZG","GWINGS Aluminium Alloy Laptop Stand, Compatible with 9-15.6 inch Laptops, 7 Angles Adjustable, Anti Slip Silicon Rubber Pads, Foldable, Velvet Pouch Inside","₹ 299","https://m.media-amazon.com/images/I/612Zmqg7sCL._SL1500_.jpg","https://www.amazon.in/dp/B0GDGXP5ZG"
"B0F389QTNV","Amazon Basics Pro Series 2.4G + Bluetooth + USB Triple Mode Wireless Ergonomic Mouse | 9 Buttons | Adjustable DPI (800–2400) | 500mAh Battery | Type-C Charging | Black","₹ 1,030","https://m.media-amazon.com/images/I/51vxavOkHZL._SL1500_.jpg","https://www.amazon.in/dp/B0F389QTNV"
"B0GS95NCTT","Fitkit by Cult Digital Kitchen Food Scale,10kg Limit, LCD Display, Tare &amp; Unit Conversion, Ideal for Kitchen &amp; Diet Tracking","₹ 399","https://m.media-amazon.com/images/I/41f5dF2PVjL._SL1100_.jpg","https://www.amazon.in/dp/B0GS95NCTT"
"B0H15SD4H6","TEKCOOL Lunch Box for Adults - Lunch Box for Kids with Spoon &amp; Fork - Stainless Steel Lunch Box with 4 Compartment - Durable Perfect Size for On-The-Go Meal, BPA-Free&#39;;","₹ 648","https://m.media-amazon.com/images/I/714tQMog7mL._SL1500_.jpg","https://www.amazon.in/dp/B0H15SD4H6"
"B08LQRXXNB","Homestrap Set of 6 Non-Woven Printed Saree Cover/Cloth Storage/Wardrobe Organizer For Clothes with Transparent Window (Grey)(Shark Tank Featured) 45cmx33cmx22cm","₹ 348","https://m.media-amazon.com/images/I/81S6wB9CjnL._SL1500_.jpg","https://www.amazon.in/dp/B08LQRXXNB"
"B0F2HW8JYN","JAXHOM 4 Compartment Kids Lunch Box with Spoon &amp; Fork | Leak-Resistant Bento Lunch Box for School, Picnic &amp; Travel | Durable Food Storage Container for Children (Pink, FunFeast)","₹ 599","https://m.media-amazon.com/images/I/617UXvgWGlL._SL1323_.jpg","https://www.amazon.in/dp/B0F2HW8JYN"
"B0CQXNG7SP","Ant Esports ALS05 6-Angle Adjustable Aluminum Laptop Stand for Desk | Foldable Portable Ergonomic Tabletop Notebook Riser | Anti-Slip Design | for MacBook, HP, Dell, Lenovo &amp; All Laptops | Silver","₹ 299","https://m.media-amazon.com/images/I/61zIYWPLV9L._SL1500_.jpg","https://www.amazon.in/dp/B0CQXNG7SP"
"B0GPDC1YB5","Vinayak Scales 1Kg/1000g x 0.01g Digital Weighing Scale, Pocket Jewellery Scale for Gold, Silver, Gemstone, Kitchen, Coffee, Baking, Medicine, Coins &amp; Laboratory with LCD Backlit Display","₹ 899","https://m.media-amazon.com/images/I/510uKNR7o5L._SL1056_.jpg","https://www.amazon.in/dp/B0GPDC1YB5"
"B0G44B8Y1J","Bento Lunch Box for Kids &amp; Adults, Stainless Steel 3 Section Leakproof Lunch Container with Cutlery, BPA Free Tiffin for School College Office Travel (Purple)","₹ 499","https://m.media-amazon.com/images/I/71-psXWTeoL._SL1500_.jpg","https://www.amazon.in/dp/B0G44B8Y1J"
"B0FC2Y3XGV","boAt Airdopes 219, 4Mics ENx, 40H Battery, Best in Segment for Calling, Stream Ad Free Music via App Support, Bluetooth Earbuds, TWS Ear Buds Wireless Earphones with mic (Carbon Black)","₹ 1,099","https://m.media-amazon.com/images/I/71FOccCOQmL._SL1500_.jpg","https://www.amazon.in/dp/B0FC2Y3XGV"
"B0F8QDSRPX","AR Enterprises Product B0F8QDSRPX","N/A","https://m.media-amazon.com/images/I/default.jpg","https://www.amazon.in/dp/B0F8QDSRPX"
"B0F8BWVZ64","AR Enterprises Product B0F8BWVZ64","N/A","https://m.media-amazon.com/images/I/default.jpg","https://www.amazon.in/dp/B0F8BWVZ64"
"B0DGGWCJ37","AR Enterprises Product B0DGGWCJ37","N/A","https://m.media-amazon.com/images/I/default.jpg","https://www.amazon.in/dp/B0DGGWCJ37"
"B0GH276ZYB","AR Enterprises Product B0GH276ZYB","N/A","https://m.media-amazon.com/images/I/default.jpg","https://www.amazon.in/dp/B0GH276ZYB"
"B0DH3J6LB9","AR Enterprises Product B0DH3J6LB9","N/A","https://m.media-amazon.com/images/I/default.jpg","https://www.amazon.in/dp/B0DH3J6LB9"
"B0FZHH89D7","AR Enterprises Product B0FZHH89D7","N/A","https://m.media-amazon.com/images/I/default.jpg","https://www.amazon.in/dp/B0FZHH89D7"
"B0DRPGB1GS","ABRO PUF-450 DIY PU Foam Sealant Spray White Fast Drying Large Holes Crack Wall Gap Filing Multipurpose Expandable Waterproof No Shrinkage Doors PVC Pipe &amp; AC Ducts Filler for Repair DIY (500 ML)","₹ 299","https://m.media-amazon.com/images/I/612NpDQ8JTL._SL1500_.jpg","https://www.amazon.in/dp/B0DRPGB1GS"
"B0DWFT2C4F","AR Enterprises Product B0DWFT2C4F","N/A","https://m.media-amazon.com/images/I/default.jpg","https://www.amazon.in/dp/B0DWFT2C4F"
"B0GDG1681P","AR Enterprises Product B0GDG1681P","N/A","https://m.media-amazon.com/images/I/default.jpg","https://www.amazon.in/dp/B0GDG1681P"
"B083C6XMKQ","AR Enterprises Product B083C6XMKQ","N/A","https://m.media-amazon.com/images/I/default.jpg","https://www.amazon.in/dp/B083C6XMKQ"
"B0FVFBZ4YF","AR Enterprises Product B0FVFBZ4YF","N/A","https://m.media-amazon.com/images/I/default.jpg","https://www.amazon.in/dp/B0FVFBZ4YF"
"B0FP22HBH9","AR Enterprises Product B0FP22HBH9","N/A","https://m.media-amazon.com/images/I/default.jpg","https://www.amazon.in/dp/B0FP22HBH9"